internalTaxonId,scientificName,name,genusName,speciesName,speciesAuthor,infraType,infrarankAuthor
22680465,Mergellus albellus,Mergus albellus albellus Cramp and Simmons (1977-1994),Mergus albellus,albellus,Cramp and Simmons (1977-1994),,
22680465,Mergellus albellus,Mergus albellus,Mergus albellus,,AERC TAC (2003),,
22680313,Spatula querquedula,"Anas querquedula Linnaeus, 1758",Anas,querquedula,"Linnaeus, 1758",,
22680149,Mareca strepera,"Anas strepera Linnaeus, 1758",Anas,strepera,"Linnaeus, 1758",,
22693906,Eudromias morinellus,Charadrius morinellus,Charadrius morinellus,,AERC TAC (2003),,
22693906,Eudromias morinellus,Charadrius morinellus morinellus Dowsett and Forbes-Watson (1993),Charadrius morinellus,morinellus,Dowsett and Forbes-Watson (1993),,
22693906,Eudromias morinellus,Charadrius morinellus morinellus Cramp and Simmons (1977-1994),Charadrius morinellus,morinellus,Cramp and Simmons (1977-1994),,
22693906,Eudromias morinellus,Charadrius morinellus morinellus AOU checklist (1998 + supplements),Charadrius morinellus,morinellus,AOU checklist (1998 + supplements),,
22693468,Calidris pugnax,"Philomachus pugnax (Linnaeus, 1758)",Philomachus,pugnax,"(Linnaeus, 1758)",,
22693468,Calidris pugnax,"Tringa pugnax Linnaeus, 1758",Tringa,pugnax,"Linnaeus, 1758",,
22693264,Actitis hypoleucos,Tringa hypoleucos hypoleucos Cramp and Simmons (1977-1994),Tringa hypoleucos,hypoleucos,Cramp and Simmons (1977-1994),,
22693264,Actitis hypoleucos,Tringa hypoleucos hypoleucos Turbott (1990),Tringa hypoleucos,hypoleucos,Turbott (1990),,
22693264,Actitis hypoleucos,"Tringa hypoleucos hypoleucos Sibley and Monroe (1990, 1993)",Tringa hypoleucos,hypoleucos,"Sibley and Monroe (1990, 1993)",,
22711750,Poecile cinctus,Poecile cincta cincta AOU checklist (1998 + supplements),Poecile cincta,cincta,AOU checklist (1998 + supplements),,
22711750,Poecile cinctus,"Parus cinctus Boddaert, 1783",Parus,cinctus,"Boddaert, 1783",,
22709701,Calliope calliope,"Luscinia calliope (Pallas, 1776)",Luscinia,calliope,"(Pallas, 1776)",,
22681149,Dryobates nuttallii,"Picoides nuttallii (Gambel, 1843)",Picoides,nuttallii,"(Gambel, 1843)",,
22681155,Dryobates pubescens,"Picoides pubescens (Linnaeus, 1766)",Picoides,pubescens,"(Linnaeus, 1766)",,
22681169,Leuconotopicus albolarvatus,"Picoides albolarvatus (Cassin, 1850)",Picoides,albolarvatus,"(Cassin, 1850)",,
22681363,Hylatomus pileatus,"Dryocopus pileatus (Linnaeus, 1758)",Dryocopus,pileatus,"(Linnaeus, 1758)",,
22688637,Psiloscops flammeolus,"Otus flammeolus (Kaup, 1853)",Otus,flammeolus,"(Kaup, 1853)",,
22688637,Psiloscops flammeolus,Otus flammeolus Stotz et al. (1996),Otus,flammeolus,Stotz et al. (1996),,
22688637,Psiloscops flammeolus,"Otus flammeolus Sibley and Monroe (1990, 1993)",Otus,flammeolus,"Sibley and Monroe (1990, 1993)",,
22688637,Psiloscops flammeolus,Otus flammeolus BirdLife International (2004),Otus,flammeolus,BirdLife International (2004),,
22688766,Megascops trichopsis,Otus trichopsis,Otus trichopsis,,BirdLife International (2004),,
22688766,Megascops trichopsis,Otus trichopsis,Otus trichopsis,,"Sibley and Monroe (1990, 1993)",,
22688766,Megascops trichopsis,Otus trichopsis,Otus trichopsis,,Stotz et al. (1996),,
22689353,Athene cunicularia,"Speotyto cunicularia cunicularia Sibley and Monroe (1990, 1993)",Speotyto cunicularia,cunicularia,"Sibley and Monroe (1990, 1993)",,
22689353,Athene cunicularia,Speotyto cunicularia cunicularia Stotz et al. (1996),Speotyto cunicularia,cunicularia,Stotz et al. (1996),,
22690762,Columbina inca,Scardafella inca inca Stotz et al. (1996),Scardafella inca,inca,Stotz et al. (1996),,
22692827,Porphyrio martinicus,"Porphyrio martinicus martinicus Sibley and Monroe (1990, 1993)",Porphyrio martinicus,martinicus,"Sibley and Monroe (1990, 1993)",,
22692827,Porphyrio martinicus,Porphyrula martinica,Porphyrula martinica,,Dowsett and Forbes-Watson (1993),,
22692827,Porphyrio martinicus,Porphyrula martinica,Porphyrula martinica,,Cramp and Simmons (1977-1994),,
22692827,Porphyrio martinicus,Porphyrio martinica,Porphyrio,martinica,,,
22692827,Porphyrio martinicus,Porphyrula martinica,Porphyrula martinica,,Stotz et al. (1996),,
22692848,Porphyrio flavirostris,Porphyrula flavirostris flavirostris Stotz et al. (1996),Porphyrula flavirostris,flavirostris,Stotz et al. (1996),,
22694256,Rynchops niger,Rhynchops niger niger Stotz et al. (1996),Rhynchops niger,niger,Stotz et al. (1996),,
22696931,Egretta tricolor,Hydranassa tricolor tricolor Stotz et al. (1996),Hydranassa tricolor,tricolor,Stotz et al. (1996),,
22697574,Platalea ajaja,"Ajaia ajaja ajaja Sibley and Monroe (1990, 1993)",Ajaia ajaja,ajaja,"Sibley and Monroe (1990, 1993)",,
22697574,Platalea ajaja,Ajaia ajaja ajaja Stotz et al. (1996),Ajaia ajaja,ajaja,Stotz et al. (1996),,
22711708,Poecile carolinensis,Poecile carolinensis carolinensis AOU checklist (1998 + supplements),Poecile carolinensis,carolinensis,AOU checklist (1998 + supplements),,
22711708,Poecile carolinensis,"Parus carolinensis Audubon, 1834",Parus,carolinensis,"Audubon, 1834",,
22711759,Poecile hudsonicus,Poecile hudsonica hudsonica AOU checklist (1998 + supplements),Poecile hudsonica,hudsonica,AOU checklist (1998 + supplements),,
22711759,Poecile hudsonicus,"Parus hudsonicus Forster, 1772",Parus,hudsonicus,"Forster, 1772",,
22711767,Poecile rufescens,Poecile rufescens rufescens AOU checklist (1998 + supplements),Poecile rufescens,rufescens,AOU checklist (1998 + supplements),,
22711767,Poecile rufescens,"Parus rufescens Townsend, 1837",Parus,rufescens,"Townsend, 1837",,
22711969,Baeolophus wollweberi,"Parus wollweberi wollweberi Sibley and Monroe (1990, 1993)",Parus wollweberi,wollweberi,"Sibley and Monroe (1990, 1993)",,
22711969,Baeolophus wollweberi,Parus wollweberi wollweberi Stotz et al. (1996),Parus wollweberi,wollweberi,Stotz et al. (1996),,
22711983,Baeolophus bicolor,"Parus bicolor bicolor Sibley and Monroe (1990, 1993)",Parus bicolor,bicolor,"Sibley and Monroe (1990, 1993)",,
22712427,Petrochelidon pyrrhonota,Hirundo pyrrhonota,Hirundo pyrrhonota,,AERC TAC (2003),,
22712427,Petrochelidon pyrrhonota,"Hirundo pyrrhonota pyrrhonota Sibley and Monroe (1990, 1993)",Hirundo pyrrhonota,pyrrhonota,"Sibley and Monroe (1990, 1993)",,
22714669,Helopsaltes ochotensis,"Locustella ochotensis (Middendorff, 1853)",Locustella,ochotensis,"(Middendorff, 1853)",,
22720359,Spinus pinus,"Carduelis pinus (Wilson, 1810)",Carduelis,pinus,"(Wilson, 1810)",,
22720407,Spinus tristis,"Carduelis tristis (Linnaeus, 1758)",Carduelis,tristis,"(Linnaeus, 1758)",,
22720413,Spinus lawrencei,"Carduelis lawrencei Cassin, 1852",Carduelis,lawrencei,"Cassin, 1852",,
22720553,Haemorhous purpureus,"Carpodacus purpureus (Gmelin, 1789)",Carpodacus,purpureus,"(Gmelin, 1789)",,
22729123,Icterus bullockiorum,"Icterus bullockii (Swainson, 1827)",Icterus,bullockii,"(Swainson, 1827)",,
61204079,Canachites canadensis,"Falcipennis canadensis (Linnaeus, 1758)",Falcipennis,canadensis,"(Linnaeus, 1758)",,
61204155,Canachites franklinii,"Falcipennis franklinii (Douglas, 1829)",Falcipennis,franklinii,"(Douglas, 1829)",,
62169677,Fulica americana,"Fulica caribaea Ridgway, 1884",Fulica,caribaea,"Ridgway, 1884",,
22721115,Passerculus rostratus,"Ammodramus rostratus ssp. rostratus (Cassin, 1852) — Stotz <i>et al</i>. (1996)",Ammodramus,rostratus,,subspecies,"(Cassin, 1852) — Stotz <i>et al</i>. (1996)"
22699787,Contopus cooperi,Contopus borealis ssp. borealis — Stotz <i>et al</i>. (1996),Contopus,borealis,,subspecies,— Stotz <i>et al</i>. (1996)
22699787,Contopus cooperi,"Contopus borealis ssp. borealis — Sibley and Monroe (1990, 1993)",Contopus,borealis,,subspecies,"— Sibley and Monroe (1990, 1993)"
22710921,Acridotheres tristis,Sturnus tristis ssp. tristis — Christidis and Boles (2008),Sturnus,tristis,,subspecies,— Christidis and Boles (2008)
22694764,Chlidonias hybrida,Chlidonias hybridus ssp. hybridus — Dowsett and Forbes-Watson (1993),Chlidonias,hybridus,,subspecies,— Dowsett and Forbes-Watson (1993)
22694764,Chlidonias hybrida,Chlidonias hybridus ssp. hybridus — Christidis and Boles (1994),Chlidonias,hybridus,,subspecies,— Christidis and Boles (1994)
22694764,Chlidonias hybrida,Chlidonias hybridus ssp. hybridus — Cramp and Simmons (1977-1994),Chlidonias,hybridus,,subspecies,— Cramp and Simmons (1977-1994)
22694764,Chlidonias hybrida,"Chlidonias hybridus ssp. hybridus — Sibley and Monroe (1990, 1993)",Chlidonias,hybridus,,subspecies,"— Sibley and Monroe (1990, 1993)"
22680157,Mareca penelope,"Anas penelope Linnaeus, 1758",Anas,penelope,"Linnaeus, 1758",,
103727785,Aphelocoma californica,"Aphelocoma insularis Henshaw, 1886",Aphelocoma,insularis,"Henshaw, 1886",,
22679464,Lagopus muta,Lagopus mutus BirdLife International (2004),Lagopus,mutus,BirdLife International (2004),,
22679464,Lagopus muta,Lagopus mutus Cramp and Simmons (1977-1994),Lagopus,mutus,Cramp and Simmons (1977-1994),,
22679464,Lagopus muta,"Lagopus mutus Sibley and Monroe (1990, 1993)",Lagopus,mutus,"Sibley and Monroe (1990, 1993)",,
22711716,Poecile atricapillus,Poecile atricapillus atricapilla AOU checklist (1998 + supplements),Poecile atricapillus,atricapilla,AOU checklist (1998 + supplements),,
22711716,Poecile atricapillus,"Parus atricapillus Linnaeus, 1766",Parus,atricapillus,"Linnaeus, 1766",,
22711724,Poecile gambeli,Poecile gambeli gambeli AOU checklist (1998 + supplements),Poecile gambeli,gambeli,AOU checklist (1998 + supplements),,
22711724,Poecile gambeli,"Parus gambeli Ridgway, 1886",Parus,gambeli,"Ridgway, 1886",,
22711989,Baeolophus atricristatus,"Parus atricristatus atricristatus Sibley and Monroe (1990, 1993)",Parus atricristatus,atricristatus,"Sibley and Monroe (1990, 1993)",,
22711989,Baeolophus atricristatus,Parus atricristatus atricristatus Stotz et al. (1996),Parus atricristatus,atricristatus,Stotz et al. (1996),,
22696944,Egretta caerulea,Florida caerulea ssp. caerulea — Stotz <i>et al</i>. (1996),Florida,caerulea,,subspecies,— Stotz <i>et al</i>. (1996)
22685577,Ara severus,Ara severa,Ara severa,,BirdLife International (2004),,
22685577,Ara severus,Ara severa,Ara severa,,"Sibley and Monroe (1990, 1993)",,
22685577,Ara severus,Ara severa,Ara severa,,Stotz et al. (1996),,
22720722,Telespiza ultima,"Telespyza ultima ssp. ultima Bryan, 1917 — Collar and Andrew (1988)",Telespyza,ultima,,subspecies,"Bryan, 1917 — Collar and Andrew (1988)"
22721737,Setophaga striata,"Dendroica striata (Forster, 1772)",Dendroica,striata,"(Forster, 1772)",,
22720702,Hesperiphona vespertina,Hesperiphona vespertina,Hesperiphona vespertina,,AERC TAC (2003),,
22720702,Hesperiphona vespertina,"Hesperiphona vespertina vespertina Sibley and Monroe (1990, 1993)",Hesperiphona vespertina,vespertina,"Sibley and Monroe (1990, 1993)",,
22720702,Hesperiphona vespertina,Hesperiphona vespertina vespertina Cramp and Simmons (1977-1994),Hesperiphona vespertina,vespertina,Cramp and Simmons (1977-1994),,
22720702,Hesperiphona vespertina,"Coccothraustes vespertinus (Cooper, 1825)",Coccothraustes,vespertinus,"(Cooper, 1825)",,
22720340,Chloris sinica,"Carduelis sinica (Linnaeus, 1766)",Carduelis,sinica,"(Linnaeus, 1766)",,
22720728,Telespiza cantans,Telespyza cantans cantans Collar and Andrew (1988),Telespyza cantans,cantans,Collar and Andrew (1988),,
22678728,Ortygornis pondicerianus,"Francolinus pondicerianus (Gmelin, 1789)",Francolinus,pondicerianus,"(Gmelin, 1789)",,
22685752,Aratinga nenday,"Nandayus nenday (Vieillot, 1823)",Nandayus,nenday,"(Vieillot, 1823)",,
22715685,Pterorhinus caerulatus,"Garrulax caerulatus (Hodgson, 1836)",Garrulax,caerulatus,"(Hodgson, 1836)",,
22715685,Pterorhinus caerulatus,"Cinclosoma Caerulatus Hodgson, 1836",Cinclosoma,Caerulatus,"Hodgson, 1836",,
22719518,Glaucestrilda coerulescens,"Estrilda coerulescens (Vieillot, 1817)",Estrilda,coerulescens,"(Vieillot, 1817)",,
22719761,Euodice cantans,Euodice cantans cantans Cramp and Simmons (1977-1994),Euodice cantans,cantans,Cramp and Simmons (1977-1994),,
22719761,Euodice cantans,Euodice cantans,Euodice cantans,,AERC TAC (2003),,
22719761,Euodice cantans,"Lonchura cantans (Gmelin, 1789)",Lonchura,cantans,"(Gmelin, 1789)",,
22719770,Euodice malabarica,Euodice malabarica,Euodice malabarica,,AERC TAC (2003),,
22719770,Euodice malabarica,Euodice malabarica malabarica Cramp and Simmons (1977-1994),Euodice malabarica,malabarica,Cramp and Simmons (1977-1994),,
22719770,Euodice malabarica,"Lonchura malabarica (Linnaeus, 1758)",Lonchura,malabarica,"(Linnaeus, 1758)",,
22720181,Crithagra mozambica,"Serinus mozambicus (Müller, 1776)",Serinus,mozambicus,"(Müller, 1776)",,
22720563,Haemorhous mexicanus,"Carpodacus mexicanus (Müller, 1776)",Carpodacus,mexicanus,"(Müller, 1776)",,
102998555,Alauda arvensis,"Alauda japonica Temminck & Schlegel, 1848",Alauda,japonica,"Temminck & Schlegel, 1848",,
22678865,Pternistis erckelii,"Francolinus erckelii (Rüppell, 1835)",Francolinus,erckelii,"(Rüppell, 1835)",,
22697203,Nyctanassa violacea,Nycticorax violaceus violaceus Stotz et al. (1996),Nycticorax violaceus,violaceus,Stotz et al. (1996),,
22720410,Spinus psaltria,"Carduelis psaltria (Say, 1823)",Carduelis,psaltria,"(Say, 1823)",,
22723611,Melanospiza bicolor,"Tiaris bicolor (Linnaeus, 1766)",Tiaris,bicolor,"(Linnaeus, 1766)",,
22723939,Passerina caerulea,Guiraca caerulea caerulea Cramp and Simmons (1977-1994),Guiraca caerulea,caerulea,Cramp and Simmons (1977-1994),,
22723939,Passerina caerulea,"Guiraca caerulea caerulea Sibley and Monroe (1990, 1993)",Guiraca caerulea,caerulea,"Sibley and Monroe (1990, 1993)",,
132341128,Hydrobates castro,"Oceanodroma castro (Harcourt, 1851)",Oceanodroma,castro,"(Harcourt, 1851)",,
132341128,Hydrobates castro,"Thalassidroma castro Harcourt, 1851",Thalassidroma,castro,"Harcourt, 1851",,
132438298,Hydrobates leucorhous,"Hydrobates leucorhoa ssp. leucorhoa (Vieillot, 1818) — Christidis and Boles (2008)",Hydrobates,leucorhoa,,subspecies,"(Vieillot, 1818) — Christidis and Boles (2008)"
132438298,Hydrobates leucorhous,"Oceanodroma leucorhoa (Vieillot, 1818)",Oceanodroma,leucorhoa,"(Vieillot, 1818)",,
132450926,Hydrobates socorroensis,"Oceanodroma socorroensis Townsend, 1890",Oceanodroma,socorroensis,"Townsend, 1890",,
132450926,Hydrobates socorroensis,"Hydrobates leucorhous ssp. socorroensis (Townsend, 1890)",Hydrobates,leucorhous,,subspecies,"(Townsend, 1890)"
22680415,Polysticta stelleri,"Anas stelleri Pallas, 1769",Anas,stelleri,"Pallas, 1769",,
22694160,Catharacta skua,Stercorarius skua ssp. skua — AOU checklist (1998 + supplements),Stercorarius,skua,,subspecies,— AOU checklist (1998 + supplements)
22694160,Catharacta skua,Stercorarius skua ssp. skua — Cramp and Simmons (1977-1994),Stercorarius,skua,,subspecies,— Cramp and Simmons (1977-1994)
22694160,Catharacta skua,"Stercorarius skua Brünnich, 1764",Stercorarius,skua,"Brünnich, 1764",,
22694218,Catharacta maccormicki,Stercorarius maccormicki maccormicki Christidis and Boles (2008),Stercorarius maccormicki,maccormicki,Christidis and Boles (2008),,
22694218,Catharacta maccormicki,Stercorarius maccormicki maccormicki AOU checklist (1998 + supplements),Stercorarius maccormicki,maccormicki,AOU checklist (1998 + supplements),,
22694218,Catharacta maccormicki,"Stercorarius maccormicki (Saunders, 1893)",Stercorarius,maccormicki,"(Saunders, 1893)",,
22694420,Larus ridibundus,Chroicocephalus ridibundus ssp. ridibundus — Christidis and Boles (2008),Chroicocephalus,ridibundus,,subspecies,— Christidis and Boles (2008)
22694455,Larus atricilla,Leucophaeus atricilla atricilla Christidis and Boles (2008),Leucophaeus atricilla,atricilla,Christidis and Boles (2008),,
22694462,Larus pipixcan,Leucophaeus pipixcan pipixcan Christidis and Boles (2008),Leucophaeus pipixcan,pipixcan,Christidis and Boles (2008),,
22694469,Hydrocoloeus minutus,"Larus minutus Pallas, 1776",Larus,minutus,"Pallas, 1776",,
22694542,Thalasseus maximus,Thalasseus maximus Stotz et al. (1996),Thalasseus,maximus,Stotz et al. (1996),,
22694542,Thalasseus maximus,Thalasseus maximus AOU checklist (1998 + supplements),Thalasseus,maximus,AOU checklist (1998 + supplements),,
22694542,Thalasseus maximus,"Sterna maxima Boddaert, 1783",Sterna,maxima,"Boddaert, 1783",,
22694571,Thalasseus bergii,Thalasseus bergii AOU checklist (1998 + supplements),Thalasseus,bergii,AOU checklist (1998 + supplements),,
22694571,Thalasseus bergii,Thalasseus bergii Christidis and Boles (2008),Thalasseus,bergii,Christidis and Boles (2008),,
22694571,Thalasseus bergii,"Sterna bergii Lichtenstein, 1823",Sterna,bergii,"Lichtenstein, 1823",,
22694673,Sternula antillarum,Sternula antillarum AOU checklist (1998 + supplements),Sternula,antillarum,AOU checklist (1998 + supplements),,
22694673,Sternula antillarum,"Sterna antillarum (Lesson, 1847)",Sterna,antillarum,"(Lesson, 1847)",,
22694722,Onychoprion lunatus,Onychoprion lunatus AOU checklist (1998 + supplements),Onychoprion,lunatus,AOU checklist (1998 + supplements),,
22694722,Onychoprion lunatus,"Sterna lunata Peale, 1848",Sterna,lunata,"Peale, 1848",,
22696657,Morus bassanus,Sula bassana —  Cramp and Simmons (1977-1994),Sula,bassana,—  Cramp and Simmons (1977-1994),,
22696657,Morus bassanus,Sula bassana — Dowsett and Forbes-Watson (1993),Sula,bassana,— Dowsett and Forbes-Watson (1993),,
22696657,Morus bassanus,"Pelecanus bassanus Linnaeus, 1758",Pelecanus,bassanus,"Linnaeus, 1758",,
22697975,Pterodroma cookii,"Pterodroma cooki ssp. cooki (Gray, 1843) — Collar and Andrew (1988)",Pterodroma,cooki,,subspecies,"(Gray, 1843) — Collar and Andrew (1988)"
22697975,Pterodroma cookii,"Pterodroma cooki ssp. cooki (Gray, 1843) — Stotz <i>et al<i/>. (1996)",Pterodroma,cooki,,subspecies,"(Gray, 1843) — Stotz <i>et al<i/>. (1996)"
22698175,Ardenna pacifica,"Puffinus pacificus (Gmelin, 1789)",Puffinus,pacificus,"(Gmelin, 1789)",,
22698175,Ardenna pacifica,Ardenna pacifica ssp. pacifica — Christidis and Boles (2008),Ardenna,pacifica,,subspecies,— Christidis and Boles (2008)
22698182,Ardenna bulleri,"Ardenna bulleri ssp. bulleri (Salvin, 1888) — Christidis and Boles (2008)",Ardenna,bulleri,,subspecies,"(Salvin, 1888) — Christidis and Boles (2008)"
22698182,Ardenna bulleri,"Puffinus bulleri Salvin, 1888",Puffinus,bulleri,"Salvin, 1888",,
22698195,Ardenna creatopus,"Ardenna creatopus ssp. creatopus (Coues, 1864) — Christidis and Boles (2008)",Ardenna,creatopus,,subspecies,"(Coues, 1864) — Christidis and Boles (2008)"
22698195,Ardenna creatopus,"Puffinus creatopus Coues, 1864",Puffinus,creatopus,"Coues, 1864",,
22698216,Ardenna tenuirostris,Ardenna tenuirostris ssp. tenuirostris — Christidis and Boles (2008),Ardenna,tenuirostris,,subspecies,— Christidis and Boles (2008)
22698216,Ardenna tenuirostris,"Puffinus tenuirostris (Temminck, 1835)",Puffinus,tenuirostris,"(Temminck, 1835)",,
22698335,Phoebastria albatrus,"Diomedea albatrus ssp. albatrus Pallas, 1769 — Sibley and Monroe (1990, 1993)",Diomedea,albatrus,,subspecies,"Pallas, 1769 — Sibley and Monroe (1990, 1993)"
22698335,Phoebastria albatrus,"Diomedea albatrus ssp. albatrus Pallas, 1769 — Stotz <i>et al<i/>. (1996)",Diomedea,albatrus,,subspecies,"Pallas, 1769 — Stotz <i>et al<i/>. (1996)"
22698335,Phoebastria albatrus,"Diomedea albatrus ssp. albatrus Pallas, 1769 — Collar <i>et al<i/>. (1994)",Diomedea,albatrus,,subspecies,"Pallas, 1769 — Collar <i>et al<i/>. (1994)"
22698335,Phoebastria albatrus,"Diomedea albatrus ssp. albatrus Pallas, 1769 — Collar and Andrew (1988)",Diomedea,albatrus,,subspecies,"Pallas, 1769 — Collar and Andrew (1988)"
22698365,Phoebastria immutabilis,Diomedea immutabilis ssp. immutabilis — Stotz <i>et al</i>. (1996),Diomedea,immutabilis,,subspecies,— Stotz <i>et al</i>. (1996)
22698365,Phoebastria immutabilis,"Diomedea immutabilis ssp. immutabilis — Sibley and Monroe (1990, 1993)",Diomedea,immutabilis,,subspecies,"— Sibley and Monroe (1990, 1993)"
22698485,Hydrobates microsoma,Oceanodroma microsoma AOU checklist (1998 + supplements),Oceanodroma,microsoma,AOU checklist (1998 + supplements),,
22698485,Hydrobates microsoma,"Oceanodroma microsoma Sibley and Monroe (1990, 1993)",Oceanodroma,microsoma,"Sibley and Monroe (1990, 1993)",,
22698485,Hydrobates microsoma,Oceanodroma microsoma SACC (2005),Oceanodroma,microsoma,SACC (2005),,
22698485,Hydrobates microsoma,Oceanodroma microsoma BirdLife International (2004),Oceanodroma,microsoma,BirdLife International (2004),,
22698485,Hydrobates microsoma,"Halocyptena microsoma Coues, 1864",Halocyptena,microsoma,"Coues, 1864",,
22698562,Hydrobates homochroa,"Oceanodroma homochroa (Coues, 1864)",Oceanodroma,homochroa,"(Coues, 1864)",,
22690515,Streptopelia roseogrisea,Streptopelia risoria risoria AOU checklist (1998 + supplements),Streptopelia risoria,risoria,AOU checklist (1998 + supplements),,
22727746,Anous ceruleus,"Procelsterna cerulea (Bennett, 1840)",Procelsterna,cerulea,"(Bennett, 1840)",,
22696887,Urile urile,"Phalacrocorax urile (Gmelin, 1789)",Phalacrocorax,urile,"(Gmelin, 1789)",,
22696887,Urile urile,"Pelecanus urile Gmelin, 1789",Pelecanus,urile,"Gmelin, 1789",,
22696773,Nannopterum brasilianum,"Phalacrocorax brasilianus (Gmelin, 1789)",Phalacrocorax,brasilianus,"(Gmelin, 1789)",,
22696773,Nannopterum brasilianum,"Nannopterum brasilianus (Gmelin, 1789)",Nannopterum,brasilianus,"(Gmelin, 1789)",,
22696776,Nannopterum auritum,"Phalacrocorax auritus (Lesson, 1831)",Phalacrocorax,auritus,"(Lesson, 1831)",,
22696776,Nannopterum auritum,"Nannopterum auritus (Lesson, 1831)",Nannopterum,auritus,"(Lesson, 1831)",,
22696753,Urile penicillatus,"Phalacrocorax penicillatus (Brandt, 1837)",Phalacrocorax,penicillatus,"(Brandt, 1837)",,
22696753,Urile penicillatus,"Compsohaelius penicillatus Brandt, 1837",Compsohaelius,penicillatus,"Brandt, 1837",,
22723840,Caryothraustes celaeno,"Rhodothraupis celaeno (Deppe, 1830)",Rhodothraupis,celaeno,"(Deppe, 1830)",,
22721064,Melospiza lincolnii,Zonotrichia lincolnii lincolnii Stotz et al. (1996),Zonotrichia lincolnii,lincolnii,Stotz et al. (1996),,
22721058,Melospiza melodia,Zonotrichia melodia melodia Stotz et al. (1996),Zonotrichia melodia,melodia,Stotz et al. (1996),,
22721141,Passerculus bairdii,"Ammodramus bairdii (Audubon, 1844)",Ammodramus,bairdii,"(Audubon, 1844)",,
22679909,Anser rossii,Anser rossi rossi Stotz et al. (1996),Anser rossi,rossi,Stotz et al. (1996),,
22679909,Anser rossii,"Anser rossii rossii Sibley and Monroe (1990, 1993)",Anser rossii,rossii,"Sibley and Monroe (1990, 1993)",,
22679909,Anser rossii,"Chen rossii Cassin, 1861",Chen,rossii,"Cassin, 1861",,
22721200,Amphispiza quinquestriata,Aimophila quinquestriata,Aimophila quinquestriata,,Stotz et al. (1996),,
22721200,Amphispiza quinquestriata,Aimophila quinquestriata,Aimophila quinquestriata,,"BirdLife International (2004, 2008)",,
22721200,Amphispiza quinquestriata,Aimophila quinquestriata,Aimophila quinquestriata,,"Sibley and Monroe (1990, 1993)",,
22721272,Peucaea cassinii,Aimophila cassinii,Aimophila cassinii,,"Sibley and Monroe (1990, 1993)",,
22721272,Peucaea cassinii,Aimophila cassinii,Aimophila cassinii,,Stotz et al. (1996),,
22721272,Peucaea cassinii,Aimophila cassinii,Aimophila cassinii,,"BirdLife International (2004, 2008)",,
22721280,Peucaea carpalis,Aimophila carpalis,Aimophila carpalis,,"BirdLife International (2004, 2008)",,
22721280,Peucaea carpalis,Aimophila carpalis,Aimophila carpalis,,Stotz et al. (1996),,
22721280,Peucaea carpalis,Aimophila carpalis,Aimophila carpalis,,"Sibley and Monroe (1990, 1993)",,
22721315,Melozone aberti,Pipilo aberti,Pipilo aberti,,Stotz et al. (1996),,
22721315,Melozone aberti,Pipilo aberti,Pipilo aberti,,"Sibley and Monroe (1990, 1993)",,
22721315,Melozone aberti,Pipilo aberti,Pipilo aberti,,"BirdLife International (2004, 2008)",,
22721323,Melozone crissalis,Pipilo crissalis,Pipilo crissalis,,Stotz et al. (1996),,
22721323,Melozone crissalis,Pipilo crissalis,Pipilo crissalis,,"BirdLife International (2004, 2008)",,
22721323,Melozone crissalis,Pipilo crissalis,Pipilo crissalis,,"Sibley and Monroe (1990, 1993)",,
22680163,Mareca americana,"Anas americana Gmelin, 1789",Anas,americana,"Gmelin, 1789",,
22721879,Cardellina pusilla,"Wilsonia pusilla (Wilson, 1811)",Wilsonia,pusilla,"(Wilson, 1811)",,
22721882,Cardellina canadensis,"Wilsonia canadensis (Linnaeus, 1766)",Wilsonia,canadensis,"(Linnaeus, 1766)",,
22721955,Basileuterus lachrymosus,"Euthlypis lachrymosa (Bonaparte, 1850)",Euthlypis,lachrymosa,"(Bonaparte, 1850)",,
22721683,Setophaga townsendi,"Dendroica townsendi (Townsend, 1837)",Dendroica,townsendi,"(Townsend, 1837)",,
22721679,Setophaga nigrescens,"Dendroica nigrescens (Townsend, 1837)",Dendroica,nigrescens,"(Townsend, 1837)",,
22721708,Setophaga graciae,"Dendroica graciae Baird, 1865",Dendroica,graciae,"Baird, 1865",,
22721725,Setophaga discolor,"Dendroica discolor (Vieillot, 1809)",Dendroica,discolor,"(Vieillot, 1809)",,
22721719,Setophaga pinus,"Dendroica pinus (Linnaeus, 1766)",Dendroica,pinus,"(Linnaeus, 1766)",,
22721664,Setophaga pensylvanica,"Dendroica pensylvanica (Linnaeus, 1766)",Dendroica,pensylvanica,"(Linnaeus, 1766)",,
22721657,Setophaga petechia,"Dendroica petechia (Linnaeus, 1766)",Dendroica,petechia,"(Linnaeus, 1766)",,
22721695,Setophaga fusca,"Dendroica fusca (Müller, 1776)",Dendroica,fusca,"(Müller, 1776)",,
22721667,Setophaga magnolia,"Dendroica magnolia (Wilson, 1811)",Dendroica,magnolia,"(Wilson, 1811)",,
22721670,Setophaga tigrina,"Dendroica tigrina (Gmelin, 1789)",Dendroica,tigrina,"(Gmelin, 1789)",,
22721876,Setophaga citrina,"Wilsonia citrina (Boddaert, 1783)",Wilsonia,citrina,"(Boddaert, 1783)",,
22721812,Geothlypis formosa,Geothlypis formosus formosus Stotz et al. (1996),Geothlypis formosus,formosus,Stotz et al. (1996),,
22721812,Geothlypis formosa,"Oporornis formosus (Wilson, 1811)",Oporornis,formosus,"(Wilson, 1811)",,
22721824,Geothlypis philadelphia,Geothlypis philadelphia philadelphia Stotz et al. (1996),Geothlypis philadelphia,philadelphia,Stotz et al. (1996),,
22721824,Geothlypis philadelphia,"Oporornis philadelphia (Wilson, 1810)",Oporornis,philadelphia,"(Wilson, 1810)",,
22721818,Oporornis agilis,Geothlypis agilis agilis Stotz et al. (1996),Geothlypis agilis,agilis,Stotz et al. (1996),,
22721630,Leiothlypis virginiae,"Vermivora virginiae (Baird, 1860)",Vermivora,virginiae,"(Baird, 1860)",,
22721627,Leiothlypis ruficapilla,"Vermivora ruficapilla (Wilson, 1811)",Vermivora,ruficapilla,"(Wilson, 1811)",,
22721636,Leiothlypis luciae,"Vermivora luciae (Cooper, 1861)",Vermivora,luciae,"(Cooper, 1861)",,
22721624,Leiothlypis celata,"Vermivora celata (Say, 1823)",Vermivora,celata,"(Say, 1823)",,
22721621,Leiothlypis peregrina,"Vermivora peregrina (Wilson, 1811)",Vermivora,peregrina,"(Wilson, 1811)",,
22721645,Oreothlypis superciliosa,Vermivora superciliosa superciliosa Stotz et al. (1996),Vermivora superciliosa,superciliosa,Stotz et al. (1996),,
22721645,Oreothlypis superciliosa,"Parula superciliosa (Hartlaub, 1844)",Parula,superciliosa,"(Hartlaub, 1844)",,
22721803,Parkesia motacilla,"Seiurus motacilla (Vieillot, 1809)",Seiurus,motacilla,"(Vieillot, 1809)",,
22721768,Helmitheros vermivorum,Helmitheros vermivorus,Helmitheros vermivorus,,Stotz et al. (1996),,
22721768,Helmitheros vermivorum,Helmitheros vermivorus,Helmitheros vermivorus,,"Sibley and Monroe (1990, 1993)",,
22721768,Helmitheros vermivorum,Helmitheros vermivorus,Helmitheros vermivorus,,BirdLife International (2004),,
22721025,Rhynchophanes mccownii,"Calcarius mccownii (Lawrence, 1851)",Calcarius,mccownii,"(Lawrence, 1851)",,
22708391,Ridgwayia pinicola,Ridgwayia pinicola pinicola AOU checklist (1998 + supplements),Ridgwayia pinicola,pinicola,AOU checklist (1998 + supplements),,
22708391,Ridgwayia pinicola,"Zoothera pinicola (Sclater, 1859)",Zoothera,pinicola,"(Sclater, 1859)",,
22708385,Ixoreus naevius,Ixoreus naevius naevius AOU checklist (1998 + supplements),Ixoreus naevius,naevius,AOU checklist (1998 + supplements),,
22708385,Ixoreus naevius,"Zoothera naevia (Gmelin, 1789)",Zoothera,naevia,"(Gmelin, 1789)",,
22709707,Luscinia svecica,"Luscinia svecica (Linnaeus, 1758)",Luscinia,svecica,"(Linnaeus, 1758)",,
22709707,Luscinia svecica,"Cyanecula svecica (Linnaeus, 1758)",Cyanecula,svecica,"(Linnaeus, 1758)",,
22716861,Chamaea fasciata,"Parus fasciatus Gambel, 1845",Parus,fasciatus,"Gambel, 1845",,
22712567,Corthylio calendula,"Regulus calendula (Linnaeus, 1766)",Regulus,calendula,"(Linnaeus, 1766)",,
22711461,Thryophilus sinaloa,"Thryothorus sinaloa (Baird, 1864)",Thryothorus,sinaloa,"(Baird, 1864)",,
22711335,Catherpes mexicanus,Salpinctes mexicanus mexicanus Stotz et al. (1996),Salpinctes mexicanus,mexicanus,Stotz et al. (1996),,
22711732,Poecile sclateri,Poecile sclateri sclateri AOU checklist (1998 + supplements),Poecile sclateri,sclateri,AOU checklist (1998 + supplements),,
22711732,Poecile sclateri,"Parus sclateri Kleinschmidt, 1897",Parus,sclateri,"Kleinschmidt, 1897",,
22712435,Petrochelidon fulva,"Hirundo fulva fulva Sibley and Monroe (1990, 1993)",Hirundo fulva,fulva,"Sibley and Monroe (1990, 1993)",,
22680229,Spatula discors,"Anas discors Linnaeus, 1766",Anas,discors,"Linnaeus, 1766",,
22705742,Cyanocorax morio,Psilorhinus morio morio Stotz et al. (1996),Psilorhinus morio,morio,Stotz et al. (1996),,
22705742,Cyanocorax morio,Cyanocorax morio,Cyanocorax morio,,"BirdLife International (2004, 2008)",,
22705742,Cyanocorax morio,Cyanocorax morio,Cyanocorax morio,,"Sibley and Monroe (1990, 1993)",,
22705742,Cyanocorax morio,Cyanocorax morio,Cyanocorax morio,,Stotz et al. (1996),,
22705742,Cyanocorax morio,"Psilorhinus morio morio Sibley and Monroe (1990, 1993)",Psilorhinus morio,morio,"Sibley and Monroe (1990, 1993)",,
22705742,Cyanocorax morio,"Psilorhinus morio (Wagler, 1829)",Psilorhinus,morio,"(Wagler, 1829)",,
22679789,Nomonyx dominicus,"Oxyura dominica (Linnaeus, 1766)",Oxyura,dominica,"(Linnaeus, 1766)",,
22680472,Lophodytes cucullatus,Mergus cucullatus,Mergus cucullatus,,AERC TAC (2003),,
22680472,Lophodytes cucullatus,Mergus cucullatus cucullatus Stotz et al. (1996),Mergus cucullatus,cucullatus,Stotz et al. (1996),,
22680472,Lophodytes cucullatus,Mergus cucullatus cucullatus Cramp and Simmons (1977-1994),Mergus cucullatus,cucullatus,Cramp and Simmons (1977-1994),,
22721070,Melospiza georgiana,Zonotrichia georgiana georgiana Stotz et al. (1996),Zonotrichia georgiana,georgiana,Stotz et al. (1996),,
22721070,Melospiza georgiana,Zonotrichia georgiana georgiana Cramp and Simmons (1977-1994),Zonotrichia georgiana,georgiana,Cramp and Simmons (1977-1994),,
22721123,Ammospiza maritima,Ammodramus maritima maritima Stotz et al. (1996),Ammodramus maritima,maritima,Stotz et al. (1996),,
22721123,Ammospiza maritima,"Ammodramus maritimus (Wilson, 1811)",Ammodramus,maritimus,"(Wilson, 1811)",,
22728393,Ammospiza nelsoni,"Ammodramus nelsoni Allen, 1875",Ammodramus,nelsoni,"Allen, 1875",,
22721159,Passerella arborea,"Spizella arborea (Wilson, 1810)",Spizella,arborea,"(Wilson, 1810)",,
22721264,Peucaea botterii,Aimophila botterii,Aimophila botterii,,"BirdLife International (2004, 2008)",,
22721264,Peucaea botterii,Aimophila botterii,Aimophila botterii,,Stotz et al. (1996),,
22721264,Peucaea botterii,Aimophila botterii,Aimophila botterii,,"Sibley and Monroe (1990, 1993)",,
22721331,Melozone fusca,Pipilo fuscus,Pipilo fuscus,,"BirdLife International (2004, 2008)",,
22721331,Melozone fusca,Pipilo fuscus,Pipilo fuscus,,"Sibley and Monroe (1990, 1993)",,
22721331,Melozone fusca,Pipilo fuscus,Pipilo fuscus,,Stotz et al. (1996),,
22723603,Tiaris olivaceus,Tiaris olivacea,Tiaris olivacea,,Stotz et al. (1996),,
22723603,Tiaris olivaceus,Tiaris olivacea,Tiaris olivacea,,"Sibley and Monroe (1990, 1993)",,
22723603,Tiaris olivaceus,Tiaris olivacea,Tiaris olivacea,,BirdLife International (2004),,
22679609,Callipepla gambelii,Lophortyx gambelii gambelii Stotz et al. (1996),Lophortyx gambelii,gambelii,Stotz et al. (1996),,
22679603,Callipepla californica,Lophortyx californica californica Stotz et al. (1996),Lophortyx californica,californica,Stotz et al. (1996),,
22721689,Setophaga virens,"Dendroica virens (Gmelin, 1789)",Dendroica,virens,"(Gmelin, 1789)",,
22721686,Setophaga occidentalis,"Dendroica occidentalis (Townsend, 1837)",Dendroica,occidentalis,"(Townsend, 1837)",,
22724793,Setophaga dominica,"Dendroica dominica (Linnaeus, 1766)",Dendroica,dominica,"(Linnaeus, 1766) <i>pro parte</i>",,
22724793,Setophaga dominica,"Dendroica dominica (Linnaeus, 1766)",Dendroica,dominica,"(Linnaeus, 1766)",,
22721731,Setophaga palmarum,"Dendroica palmarum (Gmelin, 1789)",Dendroica,palmarum,"(Gmelin, 1789)",,
22721673,Setophaga caerulescens,"Dendroica caerulescens (Gmelin, 1789)",Dendroica,caerulescens,"(Gmelin, 1789)",,
22721734,Setophaga castanea,"Dendroica castanea (Wilson, 1810)",Dendroica,castanea,"(Wilson, 1810)",,
22721639,Setophaga americana,"Parula americana (Linnaeus, 1758)",Parula,americana,"(Linnaeus, 1758)",,
22721830,Geothlypis tolmiei,Geothlypis tolmiei tolmiei Stotz et al. (1996),Geothlypis tolmiei,tolmiei,Stotz et al. (1996),,
22721830,Geothlypis tolmiei,"Oporornis tolmiei (Townsend, 1839)",Oporornis,tolmiei,"(Townsend, 1839)",,
22679597,Callipepla douglasii,Lophortyx douglasii douglasii Stotz et al. (1996),Lophortyx douglasii,douglasii,Stotz et al. (1996),,
22679473,Lagopus leucura,Lagopus leucurus,Lagopus leucurus,,BirdLife International (2004),,
22679473,Lagopus leucura,Lagopus leucurus,Lagopus leucurus,,"Sibley and Monroe (1990, 1993)",,
22721779,Seiurus aurocapilla,"Seiurus aurocapillus ssp. aurocapillus (Linnaeus, 1766)",Seiurus,aurocapillus,,subspecies,"(Linnaeus, 1766)"
103798425,Setophaga coronata,"Dendroica coronata (Linneaus, 1766)",Dendroica,coronata,"(Linneaus, 1766)",,
22690296,Patagioenas flavirostris,Columba flavirostris,Columba flavirostris,,"Sibley and Monroe (1990, 1993)",,
22690296,Patagioenas flavirostris,Columba flavirostris,Columba flavirostris,,Stotz et al. (1996),,
22690296,Patagioenas flavirostris,Columba flavirostris,Columba flavirostris,,BirdLife International (2004),,
22680233,Spatula cyanoptera,"Anas cyanoptera Vieillot, 1816",Anas,cyanoptera,"Vieillot, 1816",,
22729044,Leuconotopicus arizonae,"Picoides arizonae (Hargitt, 1886)",Picoides,arizonae,"(Hargitt, 1886)",,
22681166,Leuconotopicus villosus,"Picoides villosus (Linnaeus, 1766)",Picoides,villosus,"(Linnaeus, 1766)",,
22736398,Antrostomus arizonae,"Caprimulgus arizonae (Brewster, 1881)",Caprimulgus,arizonae,"(Brewster, 1881)",,
22736398,Antrostomus arizonae,Caprimulgus vociferus Stotz et al. (1996),Caprimulgus,vociferus,Stotz et al. (1996),,
22736398,Antrostomus arizonae,"Caprimulgus vociferus Sibley and Monroe (1990, 1993)",Caprimulgus,vociferus,"Sibley and Monroe (1990, 1993)",,
22736398,Antrostomus arizonae,"Caprimulgus vociferus BirdLife International (2004, 2008)",Caprimulgus,vociferus,"BirdLife International (2004, 2008)",,
22683623,Megaceryle alcyon,Ceryle alcyon,Ceryle alcyon,,AERC TAC (2003),,
22683623,Megaceryle alcyon,Ceryle alcyon alcyon Cramp and Simmons (1977-1994),Ceryle alcyon,alcyon,Cramp and Simmons (1977-1994),,
22683623,Megaceryle alcyon,Ceryle alcyon,Ceryle alcyon,,BirdLife International (2004),,
22683623,Megaceryle alcyon,Ceryle alcyon,Ceryle alcyon,,Stotz et al. (1996),,
22736393,Antrostomus vociferus,"Caprimulgus vociferus Wilson, 1812",Caprimulgus,vociferus,"Wilson, 1812",,
132467692,Puffinus newelli,"Puffinus newelli ssp. newelli (Henshaw, 1900)",Puffinus,newelli,,subspecies,"(Henshaw, 1900)"
22705159,Vireo atricapilla,Vireo atricapillus atricapillus Stotz et al. (1996),Vireo atricapillus,atricapillus,Stotz et al. (1996),,
22705159,Vireo atricapilla,"Vireo atricapillus atricapillus Sibley and Monroe (1990, 1993)",Vireo atricapillus,atricapillus,"Sibley and Monroe (1990, 1993)",,
22705159,Vireo atricapilla,Vireo atricapillus atricapillus BirdLife International (2000),Vireo atricapillus,atricapillus,BirdLife International (2000),,
22705159,Vireo atricapilla,Vireo atricapillus atricapillus Collar and Andrew (1988),Vireo atricapillus,atricapillus,Collar and Andrew (1988),,
22705159,Vireo atricapilla,Vireo atricapillus atricapillus Collar et al. (1994),Vireo atricapillus,atricapillus,Collar et al. (1994),,
22680247,Spatula clypeata,"Anas clypeata Linnaeus, 1758",Anas,clypeata,"Linnaeus, 1758",,
22689778,Antrostomus carolinensis,"Caprimulgus carolinensis Gmelin, 1789",Caprimulgus,carolinensis,"Gmelin, 1789",,
22696916,Egretta rufescens,Hydranassa rufescens rufescens Stotz et al. (1996),Hydranassa rufescens,rufescens,Stotz et al. (1996),,
22708670,Hylocichla mustelina,"Catharus mustelinus ssp. mustelinus — Sibley and Monroe (1990, 1993)",Catharus,mustelinus,,subspecies,"— Sibley and Monroe (1990, 1993)"
22720560,Haemorhous cassinii,"Carpodacus cassinii Baird, 1854",Carpodacus,cassinii,"Baird, 1854",,
22698209,Ardenna grisea,Ardenna grisea ssp. grisea — Christidis and Boles (2008),Ardenna,grisea,,subspecies,— Christidis and Boles (2008)
22698209,Ardenna grisea,"Puffinus griseus (Gmelin, 1789)",Puffinus,griseus,"(Gmelin, 1789)",,
22693356,Calidris virgata,"Aphriza virgata (Gmelin, 1789)",Aphriza,virgata,"(Gmelin, 1789)",,
22694591,Thalasseus sandvicensis,Thalasseus sandvicensis AOU checklist (1998 + supplements),Thalasseus,sandvicensis,AOU checklist (1998 + supplements),,
22694591,Thalasseus sandvicensis,"Thalasseus sandvicensis Stotz et al., 1996",Thalasseus,sandvicensis,"Stotz et al., 1996",,
22694591,Thalasseus sandvicensis,"Sterna sandvicensis Latham, 1787",Sterna,sandvicensis,"Latham, 1787",,
22694730,Onychoprion anaethetus,Onychoprion anaethetus AOU checklist (1998 + supplements),Onychoprion,anaethetus,AOU checklist (1998 + supplements),,
22694730,Onychoprion anaethetus,Onychoprion anaethetus ssp. anaethetus Christidis and Boles (2008),Onychoprion,anaethetus,,subspecies,Christidis and Boles (2008)
22694730,Onychoprion anaethetus,"Sterna anaethetus Scopoli, 1786",Sterna,anaethetus,"Scopoli, 1786",,
22693289,Tringa brevipes,"Tringa brevipes Sibley and Monroe (1990, 1993)",Tringa,brevipes,"Sibley and Monroe (1990, 1993)",,
22693289,Tringa brevipes,Tringa brevipes Turbott (1990),Tringa,brevipes,Turbott (1990),,
22693289,Tringa brevipes,Tringa brevipes Christidis and Boles (2008),Tringa,brevipes,Christidis and Boles (2008),,
22693289,Tringa brevipes,Tringa brevipes AOU checklist (1998 + supplements),Tringa,brevipes,AOU checklist (1998 + supplements),,
22693289,Tringa brevipes,"Heteroscelus brevipes (Vieillot, 1816)",Heteroscelus,brevipes,"(Vieillot, 1816)",,
22693452,Calidris pygmaea,"Eurynorhynchus pygmeus (Linnaeus, 1758)",Eurynorhynchus,pygmeus,"(Linnaeus, 1758)",,
22698535,Hydrobates tristrami,Hydrobates tristrami tristrami Christidis and Boles (2008),Hydrobates tristrami,tristrami,Christidis and Boles (2008),,
22698535,Hydrobates tristrami,"Oceanodroma tristrami Salvin, 1896",Oceanodroma,tristrami,"Salvin, 1896",,
22725044,Acanthis flammea,"Carduelis flammea (Linnaeus, 1758)",Carduelis,flammea,"(Linnaeus, 1758)",,
22727969,Himantopus himantopus,"Himantopus mexicanus (Müller, 1776)",Himantopus,mexicanus,"(Müller, 1776)",,
22727969,Himantopus himantopus,"Himantopus leucocephalus Gould, 1837",Himantopus,leucocephalus,"Gould, 1837",,
22697043,Ardea alba,Ardea alba SACC (2005),Ardea,alba,SACC (2005),,
22697043,Ardea alba,Egretta alba Stotz et al. (1996),Egretta,alba,Stotz et al. (1996),,
22697043,Ardea alba,Egretta alba Turbott (1990),Egretta,alba,Turbott (1990),,
22697043,Ardea alba,Ardea alba AOU checklist (1998 + supplements),Ardea,alba,AOU checklist (1998 + supplements),,
22697043,Ardea alba,Ardea alba Christidis and Boles (1994),Ardea,alba,Christidis and Boles (1994),,
22697043,Ardea alba,Egretta alba Cramp and Simmons (1977-1994),Egretta,alba,Cramp and Simmons (1977-1994),,
22697043,Ardea alba,Egretta alba Dowsett and Forbes-Watson (1993),Egretta,alba,Dowsett and Forbes-Watson (1993),,
22697043,Ardea alba,"Casmerodius albus (Linnaeus, 1758)",Casmerodius,albus,"(Linnaeus, 1758)",,
22698188,Ardenna carneipes,Ardenna carneipes ssp. carneipes — Christidis and Boles (2008),Ardenna,carneipes,,subspecies,— Christidis and Boles (2008)
22698188,Ardenna carneipes,"Puffinus carneipes Gould, 1844",Puffinus,carneipes,"Gould, 1844",,
22694656,Sternula albifrons,Sternula albifrons Christidis and Boles (2008),Sternula,albifrons,Christidis and Boles (2008),,
22694656,Sternula albifrons,Sternula albifrons AOU checklist (1998 + supplements),Sternula,albifrons,AOU checklist (1998 + supplements),,
22694656,Sternula albifrons,"Sterna albifrons Pallas, 1764",Sterna,albifrons,"Pallas, 1764",,
22697109,Bubulcus ibis,Ardea ibis ibis Christidis and Boles (2008),Ardea ibis,ibis,Christidis and Boles (2008),,
22697109,Bubulcus ibis,Ardeola ibis ibis Stotz et al. (1996),Ardeola ibis,ibis,Stotz et al. (1996),,
22697109,Bubulcus ibis,Ardea ibis ibis Christidis and Boles (1994),Ardea ibis,ibis,Christidis and Boles (1994),,
22693251,Xenus cinereus,Tringa cinerea cinerea Cramp and Simmons (1977-1994),Tringa cinerea,cinerea,Cramp and Simmons (1977-1994),,
22693251,Xenus cinereus,"Tringa cinerea cinerea Sibley and Monroe (1990, 1993)",Tringa cinerea,cinerea,"Sibley and Monroe (1990, 1993)",,
22693251,Xenus cinereus,Tringa terek terek Turbott (1990),Tringa terek,terek,Turbott (1990),,
22694524,Hydroprogne caspia,Hydroprogne caspia — Stotz <i>et al</i>. (1996),Hydroprogne,caspia,— Stotz <i>et al</i>. (1996),,
22694524,Hydroprogne caspia,Hydroprogne caspia — AOU checklist (1998 + supplements),Hydroprogne,caspia,— AOU checklist (1998 + supplements),,
22694524,Hydroprogne caspia,Hydroprogne caspia — Christidis and Boles (2008),Hydroprogne,caspia,— Christidis and Boles (2008),,
22694524,Hydroprogne caspia,"Sterna caspia Pallas, 1770",Sterna,caspia,"Pallas, 1770",,
22729877,Larus glaucoides,"Larus thayeri Brooks, 1915",Larus,thayeri,"Brooks, 1915",,
22728950,Urile pelagicus,"Phalacrocorax pelagicus Pallas, 1811",Phalacrocorax,pelagicus,"Pallas, 1811",,
22694479,Xema sabini,Larus sabini AERC TAC (2003),Larus,sabini,AERC TAC (2003),,
22694479,Xema sabini,Larus sabini ssp. sabini Christidis and Boles (1994),Larus,sabini,,subspecies,Christidis and Boles (1994)
22694479,Xema sabini,Larus sabini ssp. sabini Cramp and Simmons (1977-1994),Larus,sabini,,subspecies,Cramp and Simmons (1977-1994)
22694479,Xema sabini,Larus sabini ssp. sabini Dowsett and Forbes-Watson (1993),Larus,sabini,,subspecies,Dowsett and Forbes-Watson (1993)
22679896,Anser caerulescens,"Chen caerulescens (Linnaeus, 1758)",Chen,caerulescens,"(Linnaeus, 1758)",,
22685745,Eupsittula pertinax,"Aratinga pertinax (Linnaeus, 1758)",Aratinga,pertinax,"(Linnaeus, 1758)",,
22728182,Butorides striata,"Butorides virescens (Linnaeus, 1758)",Butorides,virescens,"(Linnaeus, 1758)",,
22687583,Saucerottia beryllina,Saucerottia beryllina,Saucerottia beryllina,,del Hoyo et al. (1999),,
22687583,Saucerottia beryllina,"Amazilia beryllina (Deppe, 1830)",Amazilia,beryllina,"(Deppe, 1830)",,
22687428,Basilinna leucotis,"Hylocharis leucotis (Vieillot, 1818)",Hylocharis,leucotis,"(Vieillot, 1818)",,
22687424,Basilinna xantusii,"Hylocharis xantusii (Lawrence, 1860)",Hylocharis,xantusii,"(Lawrence, 1860)",,
22689122,Ciccaba virgata,Ciccaba virgata AOU checklist (1998 + supplements),Ciccaba,virgata,AOU checklist (1998 + supplements),,
22689122,Ciccaba virgata,Ciccaba virgata BirdLife International (2004),Ciccaba,virgata,BirdLife International (2004),,
22689122,Ciccaba virgata,Ciccaba virgata Stotz et al. (1996),Ciccaba,virgata,Stotz et al. (1996),,
22689122,Ciccaba virgata,"Strix virgata (Cassin, 1850)",Strix,virgata,"(Cassin, 1850)",,
22689122,Ciccaba virgata,Ciccaba virgata SACC (2005),Ciccaba,virgata,SACC (2005),,
22695880,Rupornis magnirostris,"Buteo magnirostris (Gmelin, 1788)",Buteo,magnirostris,"(Gmelin, 1788)",,
22694906,Aethia psittacula,Cyclorrhynchus psittacula psittacula Cramp and Simmons (1977-1994),Cyclorrhynchus psittacula,psittacula,Cramp and Simmons (1977-1994),,
22694906,Aethia psittacula,"Cyclorrhynchus psittacula psittacula Sibley and Monroe (1990, 1993)",Cyclorrhynchus psittacula,psittacula,"Sibley and Monroe (1990, 1993)",,
22694934,Fratercula cirrhata,Lunda cirrhata,Lunda cirrhata,,AERC TAC (2003),,
22689801,Antrostomus ridgwayi,"Caprimulgus ridgwayi (Nelson, 1897)",Caprimulgus,ridgwayi,"(Nelson, 1897)",,
22721633,Leiothlypis crissalis,"Vermivora crissalis (Salvin & Godman, 1889)",Vermivora,crissalis,"(Salvin & Godman, 1889)",,
103798640,Setophaga pitiayumi,"Parula pitiayumi (Vieillot, 1817)",Parula,pitiayumi,"(Vieillot, 1817)",,
22683634,Megaceryle torquata,Ceryle torquata,Ceryle torquata,,BirdLife International (2004),,
22683634,Megaceryle torquata,Ceryle torquata,Ceryle torquata,,Stotz et al. (1996),,
22683634,Megaceryle torquata,Megaceryle torquata,Megaceryle torquata,,SACC (2005),,
22683634,Megaceryle torquata,"Megaceryle torquata torquata Sibley and Monroe (1990, 1993)",Megaceryle torquata,torquata,"Sibley and Monroe (1990, 1993)",,
22694740,Onychoprion fuscatus,Onychoprion fuscatus — AOU checklist (1998 + supplements),Onychoprion,fuscatus,— AOU checklist (1998 + supplements),,
22694740,Onychoprion fuscatus,Onychoprion fuscata ssp. fuscata — Christidis and Boles (2008),Onychoprion,fuscata,,subspecies,— Christidis and Boles (2008)
22694740,Onychoprion fuscatus,"Sterna fuscata Linnaeus, 1766",Sterna,fuscata,"Linnaeus, 1766",,
22698201,Ardenna gravis,Ardenna gravis ssp. gravis — Christidis and Boles (2008),Ardenna,gravis,,subspecies,— Christidis and Boles (2008)
22698201,Ardenna gravis,"Puffinus gravis (O'Reilly, 1818)",Puffinus,gravis,"(O'Reilly, 1818)",,
22687624,Leucolia violiceps,"Amazilia violiceps (Gould, 1859)",Amazilia,violiceps,"(Gould, 1859)",,
22698572,Hydrobates furcatus,"Oceanodroma furcata (Gmelin, 1789)",Oceanodroma,furcata,"(Gmelin, 1789)",,
22698557,Hydrobates melania,"Oceanodroma melania (Bonaparte, 1854)",Oceanodroma,melania,"(Bonaparte, 1854)",,
22695906,Geranoaetus albicaudatus,"Buteo albicaudatus Vieillot, 1816",Buteo,albicaudatus,"Vieillot, 1816",,
22721740,Setophaga cerulea,"Dendroica cerulea (Wilson, 1810)",Dendroica,cerulea,"(Wilson, 1810)",,
22679514,Tympanuchus cupido,"Tetrao cupido Linnaeus, 1758",Tetrao,cupido,"Linnaeus, 1758",,
22690229,Patagioenas leucocephala,Columba leucocephala,Columba leucocephala,,BirdLife International (2004),,
22690229,Patagioenas leucocephala,Columba leucocephala,Columba leucocephala,,Stotz et al. (1996),,
22690229,Patagioenas leucocephala,Columba leucocephala,Columba leucocephala,,"Sibley and Monroe (1990, 1993)",,
22686440,Cypseloides niger,"Nephoecetes niger Gmelin, 1789",Nephoecetes,niger,"Gmelin, 1789",,
22694716,Onychoprion aleuticus,Onychoprion aleuticus — AOU checklist (1998 + supplements),Onychoprion,aleuticus,— AOU checklist (1998 + supplements),,
22694716,Onychoprion aleuticus,"Sterna aleutica Baird, 1869",Sterna,aleutica,"Baird, 1869",,
22694552,Thalasseus elegans,Thalasseus elegans Stotz et al. (1996),Thalasseus,elegans,Stotz et al. (1996),,
22694552,Thalasseus elegans,Thalasseus elegans AOU checklist (1998 + supplements),Thalasseus,elegans,AOU checklist (1998 + supplements),,
22694552,Thalasseus elegans,"Sterna elegans Gambel, 1849",Sterna,elegans,"Gambel, 1849",,
22694887,Synthliboramphus craveri,"Brachyramphus craveri ssp. craveri (Salvadori, 1865) — Stotz <i>et al<i/>. (1996)",Brachyramphus,craveri,,subspecies,"(Salvadori, 1865) — Stotz <i>et al<i/>. (1996)"
22694887,Synthliboramphus craveri,"Brachyramphus craveri ssp. craveri (Salvadori, 1865) — Collar and Andrew (1988)",Brachyramphus,craveri,,subspecies,"(Salvadori, 1865) — Collar and Andrew (1988)"
22720844,Drepanis coccinea,"Vestiaria coccinea (Forster, 1780)",Vestiaria,coccinea,"(Forster, 1780)",,
22681158,Leuconotopicus borealis,"Picoides borealis (Vieillot, 1809)",Picoides,borealis,"(Vieillot, 1809)",,
22705874,Pica nutalli,"Pica nuttalli (Audubon, 1837) [orth. error]",Pica,nuttalli,"(Audubon, 1837) [orth. error]",,
22712080,Tachycineta cyaneoviridis,"Callichelidon cyaneoviridis ssp. cyaneoviridis (Bryant, 1859) — Stotz <i>et al</i>. (1996)",Callichelidon,cyaneoviridis,,subspecies,"(Bryant, 1859) — Stotz <i>et al</i>. (1996)"
22712080,Tachycineta cyaneoviridis,"Hirundo cyaneoviridis Bryant, 1859",Hirundo,cyaneoviridis,"Bryant, 1859",,
22721256,Peucaea aestivalis,Aimophila aestivalis — Stotz <i>et al</i>. (1996),Aimophila,aestivalis,— Stotz <i>et al</i>. (1996),,
22721256,Peucaea aestivalis,"Aimophila aestivalis — BirdLife International (1990, 1993)",Aimophila,aestivalis,"— BirdLife International (1990, 1993)",,
22721256,Peucaea aestivalis,"Aimophila aestivalis — Sibley and Monroe (1990, 1993)",Aimophila,aestivalis,"— Sibley and Monroe (1990, 1993)",,
22721129,Ammospiza caudacuta,"Ammodramus caudacutus (Gmelin, 1788)",Ammodramus,caudacutus,"(Gmelin, 1788)",,
22693431,Calidris ferruginea,"Tringa  Ferrugineus Pontoppidan, 1763",Tringa ,Ferrugineus,"Pontoppidan, 1763",,
22721692,Setophaga chrysoparia,"Dendroica chrysoparia Sclater & Salvin, 1861",Dendroica,chrysoparia,"Sclater & Salvin, 1861",,
22697636,Gymnogyps californianus,"Vultur californianus Shaw, 1797",Vultur,californianus,"Shaw, 1797",,
154632189,Chaetura vauxi,"Chaetura vauxi (Townsend, 1839)",Chaetura,vauxi,"(Townsend, 1839) <i>pro parte</i>",,
22710184,Saxicola torquatus,"Saxicola torquata  (Linnaeus, 1766)",Saxicola,torquata," (Linnaeus, 1766)",,
22721722,Setophaga kirtlandii,"Dendroica kirtlandii (Baird, 1852)",Dendroica,kirtlandii,"(Baird, 1852)",,
22698350,Phoebastria nigripes,Diomedea nigripes ssp. nigripes — Turbott (1990),Diomedea,nigripes,,subspecies,— Turbott (1990)
22698350,Phoebastria nigripes,Diomedea nigripes ssp. nigripes — Cramp and Simmons (1977-1994),Diomedea,nigripes,,subspecies,— Cramp and Simmons (1977-1994)
22698350,Phoebastria nigripes,"Diomedea nigripes ssp. nigripes — Sibley and Monroe (1990, 1993)",Diomedea,nigripes,,subspecies,"— Sibley and Monroe (1990, 1993)"
22698350,Phoebastria nigripes,Diomedea nigripes ssp. nigripes — Stotz <i>et al</i>. (1996),Diomedea,nigripes,,subspecies,— Stotz <i>et al</i>. (1996)
22720774,Magumma parva,Viridonia parva parva Collar et al. (1994),Viridonia parva,parva,Collar et al. (1994),,
22720774,Magumma parva,"Viridonia parva parva Sibley and Monroe (1990, 1993)",Viridonia parva,parva,"Sibley and Monroe (1990, 1993)",,
22720774,Magumma parva,"Hemignathus parvus (Stejneger, 1887)",Hemignathus,parvus,"(Stejneger, 1887)",,
22681425,Campephilus principalis,"Picus principalis Linnaeus, 1758",Picus,principalis,"Linnaeus, 1758",,
22685766,Rhynchopsitta pachyrhyncha,"Macrocercus pachyrhynchus Swainson, 1827",Macrocercus,pachyrhynchus,"Swainson, 1827",,
103894856,Copsychus malabaricus,"Kittacincla malabarica (Scopoli, 1788)",Kittacincla,malabarica,"(Scopoli, 1788)",,
22719912,Padda oryzivora,Lonchura oryzivora ssp. oryzivora — Dowsett and Forbes-Watson (1993),Lonchura,oryzivora,,subspecies,— Dowsett and Forbes-Watson (1993)
22719912,Padda oryzivora,Lonchura oryzivora ssp. oryzivora — Christidis and Boles (1994),Lonchura,oryzivora,,subspecies,— Christidis and Boles (1994)
22719912,Padda oryzivora,Lonchura oryzivora ssp. oryzivora — Christidis and Boles (2008),Lonchura,oryzivora,,subspecies,— Christidis and Boles (2008)
22719912,Padda oryzivora,"Padda oryzivora (Linnaeus, 1758)",Padda,oryzivora,"(Linnaeus, 1758)",,
22719912,Padda oryzivora,"Lonchura oryzivora (Linnaeus, 1758)",Lonchura,oryzivora,"(Linnaeus, 1758)",,
22688232,Selasphorus calliope,"Stellula calliope (Gould, 1847)",Stellula,calliope,"(Gould, 1847)",,
22692078,Grus canadensis,"Antigone canadensis (Linnaeus, 1758)",Antigone,canadensis,"(Linnaeus, 1758)",,
22721138,Passerculus henslowii,"Ammodramus henslowii (Audubon, 1829)",Ammodramus,henslowii,"(Audubon, 1829)",,
22721135,Ammospiza leconteii,"Ammodramus leconteii (Audubon, 1843)",Ammodramus,leconteii,"(Audubon, 1843)",,
22679929,Branta sandvicensis,"Anser sandvicensis Vigors, 1834",Anser,sandvicensis,"Vigors, 1834",,
22685672,Psittacara erythrogenys,"Aratinga erythrogenys (Lesson, 1844)",Aratinga,erythrogenys,"(Lesson, 1844)",,
22689055,Bubo scandiacus,Bubo scandiaca,Bubo,scandiaca,,,
45354964,Falco peregrinus,"Falco pelegrinoides Temminck, 1829",Falco,pelegrinoides,"Temminck, 1829",,
22734721,Cuculus optatus,"Cuculus saturatus Blyth, 1843",Cuculus,saturatus,"Blyth, 1843",,
22689248,Glaucidium brasilianum,"Strix brasiliana Gmelin, 1788",Strix,brasiliana,"Gmelin, 1788",,
22728583,Aerodramus bartschi,"Aerodramus bartschi ssp. bartschi (Mearns, 1909) — AOU checklist (1998 + supplements)",Aerodramus,bartschi,,subspecies,"(Mearns, 1909) — AOU checklist (1998 + supplements)"
22728583,Aerodramus bartschi,"Collocalia bartschi Mearns, 1909",Collocalia,bartschi,"Mearns, 1909",,
22720814,Manucerthia mana,"Oreomystis mana (Wilson, 1891)",Oreomystis,mana,"(Wilson, 1891)",,
22720799,Hemignathus wilsoni,"Hemignathus wilsoni Sibley and Monroe (1990, 1993) ssp. wilsoni (Rothschild, 1893) — Sibley and Monroe (1990, 1993)",Hemignathus,wilsoni,"Sibley and Monroe (1990, 1993)",subspecies,"(Rothschild, 1893) — Sibley and Monroe (1990, 1993)"
22720799,Hemignathus wilsoni,"Hemignathus wilsoni ssp. wilsoni (Rothschild, 1893) — Collar <i>et al</i>. (1994)",Hemignathus,wilsoni,,subspecies,"(Rothschild, 1893) — Collar <i>et al</i>. (1994)"
22720799,Hemignathus wilsoni,"Hemignathus munroi (Rothschild, 1893)",Hemignathus,munroi,"(Rothschild, 1893)",,
22720756,Chlorodrepanis stejnegeri,Viridonia stejnegeri ssp. stejnegeri — Collar et al. (1994),Viridonia,stejnegeri,,subspecies,— Collar et al. (1994)
22720756,Chlorodrepanis stejnegeri,"Viridonia stejnegeri ssp. stejnegeri — Sibley and Monroe (1990, 1993)",Viridonia,stejnegeri,,subspecies,"— Sibley and Monroe (1990, 1993)"
22720756,Chlorodrepanis stejnegeri,"Hemignathus kauaiensis (Wilson, 1890)",Hemignathus,kauaiensis,"(Wilson, 1890)",,
22728299,Chlorodrepanis flava,"Hemignathus flavus (Bloxham, 1827)",Hemignathus,flavus,"(Bloxham, 1827)",,
22736432,Chasiempis sclateri,Chasiempis sandwichensis,Chasiempis sandwichensis,,"BirdLife International (2004, 2008)",,
22736432,Chasiempis sclateri,Chasiempis sandwichensis,Chasiempis sandwichensis,,"Sibley and Monroe (1990, 1993)",,
22736423,Chasiempis ibidis,"Chasiempis sandwichensis Stejneger, 1988 — Sibley and Monroe (1990, 1993)",Chasiempis,sandwichensis,"Stejneger, 1988 — Sibley and Monroe (1990, 1993)",,
22736423,Chasiempis ibidis,"Chasiempis sandwichensis Stejneger, 1988 — BirdLife International (2004, 2008)",Chasiempis,sandwichensis,"Stejneger, 1988 — BirdLife International (2004, 2008)",,
22736423,Chasiempis ibidis,"Chasiempis sandwichensis Stejneger, 1988 — Stotz <i>et al</i>. (1996)",Chasiempis,sandwichensis,"Stejneger, 1988 — Stotz <i>et al</i>. (1996)",,
22720766,Chlorodrepanis virens,"Viridonia virens virens Sibley and Monroe (1990, 1993)",Viridonia virens,virens,"Sibley and Monroe (1990, 1993)",,
22720766,Chlorodrepanis virens,"Hemignathus virens (Cabanis, 1851)",Hemignathus,virens,"(Cabanis, 1851)",,
22679919,Anser canagicus,"Anser canagica canagica Sibley and Monroe (1990, 1993)",Anser canagica,canagica,"Sibley and Monroe (1990, 1993)",,
22679919,Anser canagicus,Anser canagica canagica BirdLife International (2000),Anser canagica,canagica,BirdLife International (2000),,
22679919,Anser canagicus,"Chen canagicus (Sevastianov, 1802) [orth. error]",Chen,canagicus,"(Sevastianov, 1802) [orth. error]",,
22679919,Anser canagicus,"Chen canagica (Sevastianov, 1802)",Chen,canagica,"(Sevastianov, 1802)",,
22679919,Anser canagicus,"Anas canagica Sevastianov, 1802",Anas,canagica,"Sevastianov, 1802",,
22692672,Zapornia palmeri,"Porzana palmeri (Frohawk, 1892)",Porzana,palmeri,"(Frohawk, 1892)",,
22692693,Zapornia sandwichensis,"Porzana sandwichensis (Gmelin, 1789)",Porzana,sandwichensis,"(Gmelin, 1789)",,
22729784,Caracara plancus,"Falco plancus  J.F. Miller, 1777",Falco,plancus," J.F. Miller, 1777",,
22729784,Caracara plancus,"Polyborus plancus (J.F. Miller, 1777)",Polyborus,plancus,"(J.F. Miller, 1777)",,
22728825,Chloridops kona,"Psittirostra kona (Wilson, 1888) — Brooks (2000)",Psittirostra,kona,"(Wilson, 1888) — Brooks (2000)",,
22728825,Chloridops kona,"Psittirostra kona ssp. kona (Wilson, 1888) — BirdLife International (2000)",Psittirostra,kona,,subspecies,"(Wilson, 1888) — BirdLife International (2000)"
22720784,Viridonia sagittirostris,"Viridonia sagittirostris Rothschild, 1892 — Brooks (2000)",Viridonia,sagittirostris,"Rothschild, 1892 — Brooks (2000)",,
22720784,Viridonia sagittirostris,"Hemignathus sagittirostris (Rothschild, 1892)",Hemignathus,sagittirostris,"(Rothschild, 1892)",,
22720784,Viridonia sagittirostris,"Viridonia sagittirostris ssp. sagittirostris Rothschild, 1892 — BirdLife International (2000)",Viridonia,sagittirostris,,subspecies,"Rothschild, 1892 — BirdLife International (2000)"
22720784,Viridonia sagittirostris,"Viridonia sagittirostris ssp. sagittirostris Rothschild, 1892 — Sibley and Monroe (1990, 1993)",Viridonia,sagittirostris,,subspecies,"Rothschild, 1892 — Sibley and Monroe (1990, 1993)"
22728910,Akialoa obscura,"Akialoa obscura (Gmelin, 1788) — BirdLife International (2004)",Akialoa,obscura,"(Gmelin, 1788) — BirdLife International (2004)",,
22728910,Akialoa obscura,"Akialoa obscura obscura (Gmelin, 1788) — Brooks (2000)",Akialoa obscura,obscura,"(Gmelin, 1788) — Brooks (2000)",,
22728910,Akialoa obscura,"Akialoa obscura (Gmelin, 1788) — BirdLife International (2000)",Akialoa,obscura,"(Gmelin, 1788) — BirdLife International (2000)",,
22728910,Akialoa obscura,"Hemignathus obscurus (Gmelin, 1788) — AOU checklist (1998 + supplements)",Hemignathus,obscurus,"(Gmelin, 1788) — AOU checklist (1998 + supplements)",,
22728910,Akialoa obscura,"Hemignathus obscurus (Gmelin, 1788)",Hemignathus,obscurus,"(Gmelin, 1788)",,
103823212,Akialoa ellisiana,"Hemignathus ellisianus (Gray, 1860)",Hemignathus,ellisianus,"(Gray, 1860)",,
22708564,Myadestes woahensis,"Myadestes oahensis (Bloxam, 1899) — Brooks (2000)",Myadestes,oahensis,"(Bloxam, 1899) — Brooks (2000)",,
22708564,Myadestes woahensis,"Myadestes oahensis ssp. woahensis (Wilson & Evans, 1899) — Sibley and Monroe (1990, 1993)",Myadestes,oahensis,,subspecies,"(Wilson & Evans, 1899) — Sibley and Monroe (1990, 1993)"
22708564,Myadestes woahensis,"Myadestes oahensis (Bloxam, 1899) — BirdLife International (2004)",Myadestes,oahensis,"(Bloxam, 1899) — BirdLife International (2004)",,
22708564,Myadestes woahensis,"Myadestes oahensis (Bloxam, 1899) — BirdLife International (2000)",Myadestes,oahensis,"(Bloxam, 1899) — BirdLife International (2000)",,
22693740,Pluvialis dominica,Pluvialis dominicus dominicus Christidis and Boles (2008),Pluvialis dominicus,dominicus,Christidis and Boles (2008),,
22693437,Calidris himantopus,Micropalama himantopus,Micropalama himantopus,,Stotz et al. (1996),,
22693437,Calidris himantopus,Micropalama himantopus,Micropalama himantopus,,BirdLife International (2004),,
22693437,Calidris himantopus,Micropalama himantopus himantopus Christidis and Boles (1994),Micropalama himantopus,himantopus,Christidis and Boles (1994),,
22693437,Calidris himantopus,Micropalama himantopus,Micropalama himantopus,,Cramp and Simmons (1977-1994),,
22693437,Calidris himantopus,Micropalama himantopus,Micropalama himantopus,,"Sibley and Monroe (1990, 1993)",,
22693399,Calidris fuscicollis,Calidris fusicollis,Calidris fusicollis,,Turbott (1990),,
22693427,Calidris alpina,"Tringa alpina Linnaeus, 1758",Tringa,alpina,"Linnaeus, 1758",,
22693447,Calidris subruficollis,"Tryngites subruficollis (Vieillot, 1819)",Tryngites,subruficollis,"(Vieillot, 1819)",,
22693464,Calidris falcinellus,"Limicola falcinellus (Pontoppidan, 1763)",Limicola,falcinellus,"(Pontoppidan, 1763)",,
22693472,Steganopus tricolor,Phalaropus tricolor tricolor Stotz et al. (1996),Phalaropus tricolor,tricolor,Stotz et al. (1996),,
22693472,Steganopus tricolor,Phalaropus tricolor tricolor Turbott (1990),Phalaropus tricolor,tricolor,Turbott (1990),,
22693472,Steganopus tricolor,Phalaropus tricolor,Phalaropus tricolor,,SACC (2005),,
22693472,Steganopus tricolor,Phalaropus tricolor,Phalaropus tricolor,,AERC TAC (2003),,
22693472,Steganopus tricolor,Phalaropus tricolor tricolor AOU checklist (1998 + supplements),Phalaropus tricolor,tricolor,AOU checklist (1998 + supplements),,
22693472,Steganopus tricolor,Phalaropus tricolor tricolor Cramp and Simmons (1977-1994),Phalaropus tricolor,tricolor,Cramp and Simmons (1977-1994),,
22693494,Phalaropus fulicarius,"Phalaropus fulicaria fulicaria Sibley and Monroe (1990, 1993)",Phalaropus fulicaria,fulicaria,"Sibley and Monroe (1990, 1993)",,
22693494,Phalaropus fulicarius,Phalaropus fulicaria fulicaria Stotz et al. (1996),Phalaropus fulicaria,fulicaria,Stotz et al. (1996),,
22693494,Phalaropus fulicarius,Phalaropus fulicaria fulicaria Christidis and Boles (1994),Phalaropus fulicaria,fulicaria,Christidis and Boles (1994),,
22693277,Actitis macularius,"Tringa macularia macularia Sibley and Monroe (1990, 1993)",Tringa macularia,macularia,"Sibley and Monroe (1990, 1993)",,
22693277,Actitis macularius,Actitis macularia macularia Stotz et al. (1996),Actitis macularia,macularia,Stotz et al. (1996),,
22693277,Actitis macularius,Actitis macularia macularia Cramp and Simmons (1977-1994),Actitis macularia,macularia,Cramp and Simmons (1977-1994),,
22693305,Tringa incana,Tringa incana Turbott (1990),Tringa,incana,Turbott (1990),,
22693305,Tringa incana,"Tringa incana Sibley and Monroe (1990, 1993)",Tringa,incana,"Sibley and Monroe (1990, 1993)",,
22693305,Tringa incana,Tringa incana AOU checklist (1998 + supplements),Tringa,incana,AOU checklist (1998 + supplements),,
22693305,Tringa incana,Tringa incana Christidis and Boles (2008),Tringa,incana,Christidis and Boles (2008),,
22693305,Tringa incana,"Heteroscelus incanus (Gmelin, 1789)",Heteroscelus,incanus,"(Gmelin, 1789)",,
22693319,Tringa semipalmata,Tringa semipalmata AOU checklist (1998 + supplements),Tringa,semipalmata,AOU checklist (1998 + supplements),,
22693319,Tringa semipalmata,"Catoptrophorus semipalmatus (Gmelin, 1789)",Catoptrophorus,semipalmatus,"(Gmelin, 1789)",,
22720117,Crithagra leucopygia,"Serinus leucopygius (Sundevall, 1850)",Serinus,leucopygius,"(Sundevall, 1850)",,
22714380,Horornis diphone,"Cettia diphone (Kittlitz, 1830)",Cettia,diphone,"(Kittlitz, 1830)",,
22690241,Patagioenas squamosa,Columba squamosa,Columba squamosa,,Stotz et al. (1996),,
22690241,Patagioenas squamosa,Columba squamosa,Columba squamosa,,BirdLife International (2004),,
22690241,Patagioenas squamosa,Columba squamosa,Columba squamosa,,"Sibley and Monroe (1990, 1993)",,
22685441,Alexandrinus krameri,"Psittacula krameri (Scopoli, 1769)",Psittacula,krameri,"(Scopoli, 1769)",,
60482887,Spilopelia chinensis,"Stigmatopelia chinensis (Scopoli, 1786)",Stigmatopelia,chinensis,"(Scopoli, 1786)",,
22687330,Riccordia ricordii,"Chlorostilbon ricordii (Gervais, 1835)",Chlorostilbon,ricordii,"(Gervais, 1835)",,
22715611,Pterorhinus pectoralis,"Garrulax pectoralis (Gould, 1836)",Garrulax,pectoralis,"(Gould, 1836)",,
22679480,Lyrurus tetrix,"Tetrao tetrix Linnaeus, 1758",Tetrao,tetrix,"Linnaeus, 1758",,
22720354,Spinus spinus,"Carduelis spinus (Linnaeus, 1758)",Carduelis,spinus,"(Linnaeus, 1758)",,
22734992,Curruca curruca,"Sylvia althaea Hume, 1878",Sylvia,althaea,"Hume, 1878",,
22734992,Curruca curruca,"Sylvia minula Hume, 1873",Sylvia,minula,"Hume, 1873",,
22734992,Curruca curruca,"Sylvia curruca (Linnaeus, 1758)",Sylvia,curruca,"(Linnaeus, 1758)",,
22734992,Curruca curruca,"Motacilla Curruca Linnaeus, 1758",Motacilla,Curruca,"Linnaeus, 1758",,
22681152,Dryobates scalaris,"Picoides scalaris (Wagler, 1829)",Picoides,scalaris,"(Wagler, 1829)",,
22688747,Megascops kennicottii,Otus kennicottii,Otus kennicottii,,BirdLife International (2004),,
22688747,Megascops kennicottii,Otus kennicotti kennicotti Stotz et al. (1996),Otus kennicotti,kennicotti,Stotz et al. (1996),,
62015238,Haematopus ater,"Haematopus bachmani Audubon, 1838",Haematopus,bachmani,"Audubon, 1838",,
