order,family,common_name,scientific_name,introduced,accidental,extirpated,global_status,status_code,notes
Anseriformes,Anatidae,Fulvous Whistling-Duck,Dendrocygna bicolor,,,,,,
Anseriformes,Anatidae,Ross's Goose,Anser canagicus,,,,,,
Anseriformes,Anatidae,Anser canagicus,Anser caerulescens,,,,,,
Anseriformes,Anatidae,Anser caerulescens,Anser rossii,,,,,,
Anseriformes,Anatidae,Greater White-fronted Goose,Anser albifrons,,,,,,
Anseriformes,Anatidae,Northern Shoveler,Anser fabalis,,,,,,
Anseriformes,Anatidae,Anser fabalis,Anser brachyrhynchus,,,,,,
Anseriformes,Anatidae,Anser brachyrhynchus,Branta bernicla,,,,,,
Anseriformes,Anatidae,Branta bernicla,Branta hutchinsii,,,,,,
Anseriformes,Anatidae,Branta hutchinsii,Branta canadensis,,,,,,
Anseriformes,Anatidae,Branta canadensis,Cygnus olor,,,,,,
Anseriformes,Anatidae,Cygnus olor,Cygnus buccinator,,,,,,
Anseriformes,Anatidae,Cygnus buccinator,Cygnus columbianus,,,,,,
Anseriformes,Anatidae,Cygnus columbianus,Cygnus cygnus,,,,,,
Anseriformes,Anatidae,Cygnus cygnus,Aix sponsa,,,,,,
Anseriformes,Anatidae,Aix sponsa,Sibirionetta formosa,,,,,,
Anseriformes,Anatidae,Sibirionetta formosa,Spatula querquedula,,,,,,
Anseriformes,Anatidae,Spatula querquedula,Spatula discors,,,,,,
Anseriformes,Anatidae,Spatula discors,Spatula cyanoptera,,,,,,
Anseriformes,Anatidae,Spatula cyanoptera,Spatula clypeata,,Yes,,,,Rare/Accidental
Anseriformes,Anatidae,Rare/Accidental,Introduced species,,Yes,,,,Rare/Accidental
Anseriformes,Anatidae,Mallard,Mareca strepera,,,,,,
Anseriformes,Anatidae,Mareca strepera,Mareca falcata,,,,,,
Anseriformes,Anatidae,Mareca falcata,Mareca penelope,,,,,,
Anseriformes,Anatidae,Mareca penelope,Mareca americana,,,,,,
Anseriformes,Anatidae,Mareca americana,Anas platyrhynchos,,,,,,
Anseriformes,Anatidae,American Black Duck,Anas rubripes,,Yes,,,,Rare/Accidental
Anseriformes,Anatidae,Surf Scoter,Anas acuta,,,,,,
Anseriformes,Anatidae,Anas acuta,Anas crecca,,,,,,
Anseriformes,Anatidae,Anas crecca,Aythya valisineria,,,,,,
Anseriformes,Anatidae,Aythya valisineria,Aythya americana,,,,,,
Anseriformes,Anatidae,Aythya americana,Aythya ferina,,,,,,
Anseriformes,Anatidae,Aythya ferina,Aythya collaris,,,,,,
Anseriformes,Anatidae,Aythya collaris,Aythya fuligula,,,,,,
Anseriformes,Anatidae,Aythya fuligula,Aythya marila,,,,,,
Anseriformes,Anatidae,Aythya marila,Aythya affinis,,,,,,
Anseriformes,Anatidae,Aythya affinis,Polysticta stelleri,,,,,,
Anseriformes,Anatidae,Polysticta stelleri,Somateria fischeri,,,,,,
Anseriformes,Anatidae,Somateria fischeri,Somateria spectabilis,,,,,,
Anseriformes,Anatidae,Somateria spectabilis,Somateria mollissima,,,,,,
Anseriformes,Anatidae,Somateria mollissima,Histrionicus histrionicus,,,,,,
Anseriformes,Anatidae,Histrionicus histrionicus,Melanitta perspicillata,,,,,,
Anseriformes,Anatidae,White-winged Scoter,Melanitta deglandi,,,,,,
Anseriformes,Anatidae,Smew,Melanitta americana,,,,,,
Anseriformes,Anatidae,Melanitta americana,Clangula hyemalis,,,,,,
Anseriformes,Anatidae,Clangula hyemalis,Bucephala albeola,,,,,,
Anseriformes,Anatidae,Bucephala albeola,Bucephala clangula,,,,,,
Anseriformes,Anatidae,Bucephala clangula,Bucephala islandica,,,,,,
Anseriformes,Anatidae,Bucephala islandica,Mergellus albellus,,,,,,
Anseriformes,Anatidae,Hooded Merganser,Lophodytes cucullatus,,,,,,
Anseriformes,Anatidae,Common Merganser,Mergus merganser,,,,,,
Anseriformes,Anatidae,Red-breasted Merganser,Mergus serrator,,,,,,
Anseriformes,Anatidae,Ruddy Duck,Oxyura jamaicensis,,Yes,,Vulnerable,VU,Rare/Accidental [VU]
Galliformes,Odontophoridae,California Quail,Oreortyx pictus,,,,,,
Galliformes,Odontophoridae,Oreortyx pictus,Callipepla californica,,,,,,
Galliformes,Phasianidae,Ruffed Grouse,Meleagris gallopavo,,,,,,
Galliformes,Phasianidae,Meleagris gallopavo,Bonasa umbellus,,,,,,
Galliformes,Phasianidae,Bonasa umbellus,Introduced species,Yes,,,,,Introduced species
Galliformes,Phasianidae,Introduced species,Introduced species,,,,,,
Galliformes,Phasianidae,Greater Sage-Grouse,Centrocercus urophasianus,,,Yes,Near Threatened,NT,Extirpated [NT]
Galliformes,Phasianidae,Sooty Grouse,Dendragapus obscurus,,,,,,
Galliformes,Phasianidae,Dendragapus obscurus,Dendragapus fuliginosus,,,,,,
Galliformes,Phasianidae,Sharp-tailed Grouse,Tympanuchus phasianellus,,,,,,
Galliformes,Phasianidae,Gray Partridge,Lagopus leucura,,,,,,
Galliformes,Phasianidae,Lagopus leucura,Lagopus lagopus,,,,,,
Galliformes,Phasianidae,Lagopus lagopus,Lagopus muta,,,,,,
Galliformes,Phasianidae,Lagopus muta,Canachites canadensis,,,,,,
Galliformes,Phasianidae,Canachites canadensis,Perdix perdix,,,,,,
Galliformes,Phasianidae,Ring-necked Pheasant,Phasianus colchicus,,,,,,
Galliformes,Phasianidae,Chukar,Phasianus versicolor,,,,,,
Galliformes,Phasianidae,Phasianus versicolor,Lophura nycthemera,,,,,,
Galliformes,Phasianidae,Lophura nycthemera,Alectoris chukar,,,,,,
Columbiformes,Columbidae,Passenger Pigeon,Columba livia,,,,,,
Columbiformes,Columbidae,Columba livia,Patagioenas fasciata,,,,,,
Columbiformes,Columbidae,Patagioenas fasciata,Ectopistes migratorius,,,,,,
Columbiformes,Columbidae,Oriental Turtle-Dove,Streptopelia orientalis,,,,,,
Columbiformes,Columbidae,Eurasian Collared-Dove,Streptopelia decaocto,,,,,,
Columbiformes,Columbidae,Mourning Dove,Zenaida asiatica,,,,,,
Columbiformes,Columbidae,Zenaida asiatica,Zenaida macroura,Yes,,,,,Introduced species
Columbiformes,Columbidae,Introduced species,Introduced species,,,Yes,,,Extirpated
Columbiformes,Columbidae,Extirpated,Introduced species,Yes,,,,,Introduced species
Columbiformes,Columbidae,Rare/Accidental,Introduced species,,Yes,,,,Rare/Accidental
Cuculiformes,Cuculidae,Yellow-billed Cuckoo,Coccyzus americanus,,,,,,
Cuculiformes,Cuculidae,Black-billed Cuckoo,Coccyzus erythropthalmus,,Yes,,,,Rare/Accidental
Cuculiformes,Cuculidae,Common Cuckoo,Cuculus canorus,,Yes,,,,Rare/Accidental
Caprimulgiformes,Caprimulgidae,Lesser Nighthawk,Chordeiles acutipennis,,Yes,,,,Rare/Accidental
Caprimulgiformes,Caprimulgidae,Common Nighthawk,Chordeiles minor,,,,,,
Caprimulgiformes,Caprimulgidae,Common Poorwill,Phalaenoptilus nuttallii,,,,,,
Caprimulgiformes,Caprimulgidae,Eastern Whip-poor-will,Antrostomus vociferus,,,,,,
Apodiformes,Apodidae,House Swift,Cypseloides niger,,,,,,
Apodiformes,Apodidae,Cypseloides niger,Chaetura pelagica,,,,,,
Apodiformes,Apodidae,Chaetura pelagica,Chaetura vauxi,,,,,,
Apodiformes,Apodidae,Chaetura vauxi,Apus nipalensis,,,,,,
Apodiformes,Apodidae,White-throated Swift,Aeronautes saxatalis,,,,,,
Apodiformes,Trochilidae,Mexican Violetear,Colibri thalassinus,,,,,,
Apodiformes,Trochilidae,Rivoli's Hummingbird,Eugenes fulgens,,,,,,
Apodiformes,Trochilidae,Ruby-throated Hummingbird,Archilochus colubris,,,,,,
Apodiformes,Trochilidae,Black-chinned Hummingbird,Archilochus alexandri,,,,,,
Apodiformes,Trochilidae,Costa's Hummingbird,Calypte anna,,,,,,
Apodiformes,Trochilidae,Calypte anna,Calypte costae,,,,,,
Apodiformes,Trochilidae,Calliope Hummingbird,Selasphorus calliope,,,,,,
Apodiformes,Trochilidae,Rufous Hummingbird,Selasphorus rufus,,,,,,
Apodiformes,Trochilidae,Broad-tailed Hummingbird,Selasphorus platycercus,,,,,,
Apodiformes,Trochilidae,Xantus's Hummingbird,Basilinna xantusii,,,,,,
Gruiformes,Rallidae,American Coot,Rallus limicola,,,,,,
Gruiformes,Rallidae,Rallus limicola,Porzana carolina,,,,,,
Gruiformes,Rallidae,Porzana carolina,Gallinula galeata,,,,,,
Gruiformes,Rallidae,Gallinula galeata,Fulica americana,,Yes,,Near Threatened,NT,Rare/Accidental [NT]
Gruiformes,Rallidae,Yellow Rail,Coturnicops noveboracensis,,,,,,
Gruiformes,Gruidae,Whooping Crane,Antigone canadensis,,,,,,
Gruiformes,Gruidae,Antigone canadensis,Grus grus,,,,,,
Gruiformes,Gruidae,Grus grus,Grus americana,,,,,,
Charadriiformes,Recurvirostridae,American Avocet,Himantopus mexicanus,,,,,,
Charadriiformes,Recurvirostridae,Himantopus mexicanus,Recurvirostra americana,,,,,,
Charadriiformes,Haematopodidae,Black Oystercatcher,Haematopus bachmani,,Yes,,,,Rare/Accidental
Charadriiformes,Charadriidae,Black-bellied Plover,Pluvialis squatarola,,,,,,
Charadriiformes,Charadriidae,American Golden-Plover,Pluvialis dominica,,,,,,
Charadriiformes,Charadriidae,Pacific Golden-Plover,Pluvialis fulva,,,,,,
Charadriiformes,Charadriidae,Killdeer,Eudromias morinellus,,,,,,
Charadriiformes,Charadriidae,Eudromias morinellus,Charadrius vociferus,,,,,,
Charadriiformes,Charadriidae,Common Ringed Plover,Charadrius hiaticula,,,,,,
Charadriiformes,Charadriidae,Semipalmated Plover,Charadrius semipalmatus,,,,,,
Charadriiformes,Charadriidae,Piping Plover,Charadrius melodus,,,,,,
Charadriiformes,Charadriidae,Siberian Sand-Plover,Anarhynchus mongolus,,,,,,
Charadriiformes,Charadriidae,Snowy Plover,Anarhynchus montanus,,,,,,
Charadriiformes,Charadriidae,Anarhynchus montanus,Anarhynchus nivosus,,,,,,
Charadriiformes,Scolopacidae,Upland Sandpiper,Bartramia longicauda,,,,,,
Charadriiformes,Scolopacidae,Bristle-thighed Curlew,Numenius tahitiensis,,,,,,
Charadriiformes,Scolopacidae,Whimbrel,Numenius phaeopus,,,,Vulnerable,VU,[VU]
Charadriiformes,Scolopacidae,Marbled Godwit,Numenius americanus,,,,,,
Charadriiformes,Scolopacidae,Numenius americanus,Numenius madagascariensis,,,,,,
Charadriiformes,Scolopacidae,Numenius madagascariensis,Limosa lapponica,,,,,,
Charadriiformes,Scolopacidae,Limosa lapponica,Limosa limosa,,,,,,
Charadriiformes,Scolopacidae,Limosa limosa,Limosa haemastica,,,,,,
Charadriiformes,Scolopacidae,Limosa haemastica,Limosa fedoa,,,,,,
Charadriiformes,Scolopacidae,Short-billed Dowitcher,Limnodromus griseus,,,,,,
Charadriiformes,Scolopacidae,Long-billed Dowitcher,Limnodromus scolopaceus,,,,,,
Charadriiformes,Scolopacidae,Wilson's Snipe,Lymnocryptes minimus,,,,,,
Charadriiformes,Scolopacidae,Lymnocryptes minimus,Scolopax minor,,,,,,
Charadriiformes,Scolopacidae,Scolopax minor,Gallinago delicata,,,,,,
Charadriiformes,Scolopacidae,Wilson's Phalarope,Phalaropus tricolor,,,,,,
Charadriiformes,Scolopacidae,Red Phalarope,Phalaropus fulicarius,,,,,,
Charadriiformes,Scolopacidae,Red-necked Phalarope,Phalaropus lobatus,,,,,,
Charadriiformes,Scolopacidae,Spotted Redshank,Xenus cinereus,,,,,,
Charadriiformes,Scolopacidae,Xenus cinereus,Actitis macularius,,,,,,
Charadriiformes,Scolopacidae,Actitis macularius,Tringa solitaria,,,,,,
Charadriiformes,Scolopacidae,Tringa solitaria,Tringa brevipes,,,,,,
Charadriiformes,Scolopacidae,Tringa brevipes,Tringa incana,,,,,,
Charadriiformes,Scolopacidae,Tringa incana,Tringa glareola,,,,,,
Charadriiformes,Scolopacidae,Tringa glareola,Tringa flavipes,,,,,,
Charadriiformes,Scolopacidae,Tringa flavipes,Tringa semipalmata,,,,,,
Charadriiformes,Scolopacidae,Tringa semipalmata,Tringa erythropus,,,,,,
Charadriiformes,Scolopacidae,Common Greenshank,Tringa nebularia,,,,,,
Charadriiformes,Scolopacidae,Ruff,Tringa melanoleuca,,,,,,
Charadriiformes,Scolopacidae,Tringa melanoleuca,Arenaria interpres,,,,,,
Charadriiformes,Scolopacidae,Arenaria interpres,Arenaria melanocephala,,,,,,
Charadriiformes,Scolopacidae,Arenaria melanocephala,Calidris tenuirostris,,,,,,
Charadriiformes,Scolopacidae,Calidris tenuirostris,Calidris canutus,,,,,,
Charadriiformes,Scolopacidae,Calidris canutus,Calidris virgata,,,,,,
Charadriiformes,Scolopacidae,Calidris virgata,Calidris pugnax,,,,,,
Charadriiformes,Scolopacidae,Sharp-tailed Sandpiper,Calidris acuminata,,,,,,
Charadriiformes,Scolopacidae,Stilt Sandpiper,Calidris ferruginea,,,,,,
Charadriiformes,Scolopacidae,Calidris ferruginea,Calidris himantopus,,Yes,,Endangered,EN,Rare/Accidental [EN]
Charadriiformes,Scolopacidae,Red-necked Stint,Calidris temminckii,,,,,,
Charadriiformes,Scolopacidae,Calidris temminckii,Calidris ruficollis,,,,,,
Charadriiformes,Scolopacidae,Spoon-billed Sandpiper,Calidris pygmaea,,,,,,
Charadriiformes,Scolopacidae,Buff-breasted Sandpiper,Calidris subruficollis,,,,,,
Charadriiformes,Scolopacidae,Little Stint,Calidris alba,,,,,,
Charadriiformes,Scolopacidae,Calidris alba,Calidris alpina,,,,,,
Charadriiformes,Scolopacidae,Calidris alpina,Calidris maritima,,,,,,
Charadriiformes,Scolopacidae,Calidris maritima,Calidris ptilocnemis,,,,,,
Charadriiformes,Scolopacidae,Calidris ptilocnemis,Calidris bairdii,,,,,,
Charadriiformes,Scolopacidae,Calidris bairdii,Calidris minuta,,,,,,
Charadriiformes,Scolopacidae,White-rumped Sandpiper,Calidris fuscicollis,,,,,,
Charadriiformes,Scolopacidae,Semipalmated Sandpiper,Calidris minutilla,,,,,,
Charadriiformes,Scolopacidae,Calidris minutilla,Calidris melanotos,,,,,,
Charadriiformes,Scolopacidae,Calidris melanotos,Calidris mauri,,,,,,
Charadriiformes,Scolopacidae,Calidris mauri,Calidris pusilla,,,,,,
Charadriiformes,Stercorariidae,Long-tailed Jaeger,Stercorarius longicaudus,,,,,,
Charadriiformes,Stercorariidae,South Polar Skua,Stercorarius parasiticus,,,,,,
Charadriiformes,Stercorariidae,Stercorarius parasiticus,Stercorarius pomarinus,,,,,,
Charadriiformes,Stercorariidae,Stercorarius pomarinus,Stercorarius maccormicki,,,,,,
Charadriiformes,Alcidae,Rhinoceros Auklet,Cerorhinca monocerata,,,,,,
Charadriiformes,Alcidae,Pigeon Guillemot,Fratercula cirrhata,,,,,,
Charadriiformes,Alcidae,Fratercula cirrhata,Fratercula corniculata,,,,,,
Charadriiformes,Alcidae,Fratercula corniculata,Ptychoramphus aleuticus,,,,,,
Charadriiformes,Alcidae,Ptychoramphus aleuticus,Aethia pusilla,,,,,,
Charadriiformes,Alcidae,Aethia pusilla,Aethia cristatella,,,,,,
Charadriiformes,Alcidae,Aethia cristatella,Aethia psittacula,,,,,,
Charadriiformes,Alcidae,Aethia psittacula,Brachyramphus brevirostris,,,,,,
Charadriiformes,Alcidae,Brachyramphus brevirostris,Brachyramphus marmoratus,,,,,,
Charadriiformes,Alcidae,Brachyramphus marmoratus,Cepphus columba,,,,,,
Charadriiformes,Alcidae,Scripps's Murrelet,Alle alle,,,,,,
Charadriiformes,Alcidae,Alle alle,Uria lomvia,,,,,,
Charadriiformes,Alcidae,Uria lomvia,Uria aalge,,,,,,
Charadriiformes,Alcidae,Uria aalge,Synthliboramphus antiquus,,,,,,
Charadriiformes,Alcidae,Synthliboramphus antiquus,Synthliboramphus scrippsi,,,,,,
Charadriiformes,Alcidae,Guadalupe Murrelet,Synthliboramphus hypoleucus,,,,,,
Charadriiformes,Laridae,Ross's Gull,Hydrocoloeus minutus,,,,,,
Charadriiformes,Laridae,Hydrocoloeus minutus,Rhodostethia rosea,,,,,,
Charadriiformes,Laridae,Black-legged Kittiwake,Rissa tridactyla,,,,,,
Charadriiformes,Laridae,Red-legged Kittiwake,Rissa brevirostris,,,,,,
Charadriiformes,Laridae,Western Gull,Pagophila eburnea,,,,,,
Charadriiformes,Laridae,Pagophila eburnea,Xema sabini,,,,,,
Charadriiformes,Laridae,Xema sabini,Chroicocephalus philadelphia,,,,,,
Charadriiformes,Laridae,Chroicocephalus philadelphia,Chroicocephalus ridibundus,,,,,,
Charadriiformes,Laridae,Chroicocephalus ridibundus,Leucophaeus atricilla,,,,,,
Charadriiformes,Laridae,Leucophaeus atricilla,Leucophaeus pipixcan,,,,,,
Charadriiformes,Laridae,Leucophaeus pipixcan,Larus crassirostris,,,,,,
Charadriiformes,Laridae,Larus crassirostris,Larus heermanni,,,,,,
Charadriiformes,Laridae,Larus heermanni,Larus canus,,,,,,
Charadriiformes,Laridae,Larus canus,Larus brachyrhynchus,,,,,,
Charadriiformes,Laridae,Larus brachyrhynchus,Larus delawarensis,,,,,,
Charadriiformes,Laridae,Larus delawarensis,Larus occidentalis,,,,,,
Charadriiformes,Laridae,American Herring Gull,Larus smithsonianus,,,,,,
Charadriiformes,Laridae,Vega Gull,Larus vegae,,,,,,
Charadriiformes,Laridae,Great Black-backed Gull,Larus marinus,,,,,,
Charadriiformes,Laridae,Glaucous Gull,Larus hyperboreus,,,,,,
Charadriiformes,Laridae,Lesser Black-backed Gull,Larus fuscus,,,,,,
Charadriiformes,Laridae,Iceland Gull,Larus californicus,,,,,,
Charadriiformes,Laridae,Larus californicus,Larus glaucescens,,,,,,
Charadriiformes,Laridae,Larus glaucescens,Larus schistisagus,,,,,,
Charadriiformes,Laridae,Larus schistisagus,Larus glaucoides,,Yes,,,,Rare/Accidental
Charadriiformes,Laridae,Elegant Tern,Sternula antillarum,,,,,,
Charadriiformes,Laridae,Sternula antillarum,Hydroprogne caspia,,,,,,
Charadriiformes,Laridae,Hydroprogne caspia,Chlidonias niger,,,,,,
Charadriiformes,Laridae,Chlidonias niger,Sterna forsteri,,,,,,
Charadriiformes,Laridae,Sterna forsteri,Sterna paradisaea,,,,,,
Charadriiformes,Laridae,Sterna paradisaea,Sterna hirundo,,,,,,
Charadriiformes,Laridae,Sterna hirundo,Thalasseus elegans,,Yes,,,,Rare/Accidental
Podicipediformes,Podicipedidae,Clark's Grebe,Podilymbus podiceps,,,,,,
Podicipediformes,Podicipedidae,Podilymbus podiceps,Podiceps auritus,,,,,,
Podicipediformes,Podicipedidae,Podiceps auritus,Podiceps grisegena,,,,,,
Podicipediformes,Podicipedidae,Podiceps grisegena,Podiceps nigricollis,,,,,,
Podicipediformes,Podicipedidae,Podiceps nigricollis,Aechmophorus occidentalis,,,,,,
Podicipediformes,Podicipedidae,Aechmophorus occidentalis,Aechmophorus clarkii,,,,Vulnerable,VU,[VU]
Phaethontiformes,Phaethontidae,Red-tailed Tropicbird,Phaethon rubricauda,,Yes,,,,Rare/Accidental
Gaviiformes,Gaviidae,Yellow-billed Loon,Gavia stellata,,,,,,
Gaviiformes,Gaviidae,Gavia stellata,Gavia arctica,,,,,,
Gaviiformes,Gaviidae,Gavia arctica,Gavia pacifica,,,,,,
Gaviiformes,Gaviidae,Gavia pacifica,Gavia immer,,,,,,
Gaviiformes,Gaviidae,Gavia immer,Gavia adamsii,,,,,,
Procellariiformes,Diomedeidae,Laysan Albatross,Phoebastria immutabilis,,,,,,
Procellariiformes,Diomedeidae,Black-footed Albatross,Phoebastria nigripes,,,,,,
Procellariiformes,Diomedeidae,Short-tailed Albatross,Phoebastria albatrus,,,,,,
Procellariiformes,Hydrobatidae,Fork-tailed Storm-Petrel,Hydrobates furcatus,,,,,,
Procellariiformes,Hydrobatidae,Leach's Storm-Petrel,Hydrobates leucorhous,,,,Vulnerable,VU,[VU]
Procellariiformes,Procellariidae,Cook's Petrel,Fulmarus glacialis,,,,,,
Procellariiformes,Procellariidae,Fulmarus glacialis,Pterodroma ultima,,,,,,
Procellariiformes,Procellariidae,Pterodroma ultima,Pterodroma inexpectata,,,,,,
Procellariiformes,Procellariidae,Pterodroma inexpectata,Pterodroma sandwichensis,,,,,,
Procellariiformes,Procellariidae,Pterodroma sandwichensis,Pterodroma cookii,,,,,,
Procellariiformes,Procellariidae,Pink-footed Shearwater,Ardenna creatopus,,,,,,
Procellariiformes,Procellariidae,Flesh-footed Shearwater,Ardenna carneipes,,,,,,
Procellariiformes,Procellariidae,Sooty Shearwater,Ardenna gravis,,,,,,
Procellariiformes,Procellariidae,Ardenna gravis,Ardenna bulleri,,,,,,
Procellariiformes,Procellariidae,Ardenna bulleri,Ardenna grisea,,,,,,
Procellariiformes,Procellariidae,Short-tailed Shearwater,Ardenna tenuirostris,,,,,,
Procellariiformes,Procellariidae,Manx Shearwater,Puffinus puffinus,,,,,,
Procellariiformes,Procellariidae,Black-vented Shearwater,Puffinus opisthomelas,,Yes,,,,Rare/Accidental
Ciconiiformes,Ciconiidae,Wood Stork,Mycteria americana,,Yes,,,,Rare/Accidental
Suliformes,Fregatidae,Magnificent Frigatebird,Fregata magnificens,,Yes,,,,Rare/Accidental
Suliformes,Sulidae,Blue-footed Booby,Sula sula,,,,,,
Suliformes,Sulidae,Sula sula,Sula brewsteri,,,,,,
Suliformes,Sulidae,Sula brewsteri,Sula dactylatra,,,,,,
Suliformes,Sulidae,Sula dactylatra,Sula granti,,,,,,
Suliformes,Sulidae,Sula granti,Sula nebouxii,,Yes,,,,Rare/Accidental
Suliformes,Phalacrocoracidae,Brandt's Cormorant,Urile penicillatus,,,,,,
Suliformes,Phalacrocoracidae,Red-faced Cormorant,Urile urile,,,,,,
Suliformes,Phalacrocoracidae,Pelagic Cormorant,Urile pelagicus,,,,,,
Suliformes,Phalacrocoracidae,Double-crested Cormorant,Nannopterum auritum,,,,,,
Pelecaniformes,Threskiornithidae,White-faced Ibis,Plegadis chihi,,Yes,,,,Rare/Accidental
Pelecaniformes,Pelecanidae,American White Pelican,Pelecanus erythrorhynchos,,,,,,
Pelecaniformes,Pelecanidae,Brown Pelican,Pelecanus occidentalis,,,,,,
Pelecaniformes,Ardeidae,Least Bittern,Botaurus lentiginosus,,,,,,
Pelecaniformes,Ardeidae,Botaurus lentiginosus,Botaurus exilis,,,,,,
Pelecaniformes,Ardeidae,Black-crowned Night Heron,Nycticorax nycticorax,,,,,,
Pelecaniformes,Ardeidae,Great Blue Heron,Egretta caerulea,,,,,,
Pelecaniformes,Ardeidae,Egretta caerulea,Egretta tricolor,,,,,,
Pelecaniformes,Ardeidae,Egretta tricolor,Egretta thula,,,,,,
Pelecaniformes,Ardeidae,Egretta thula,Butorides virescens,,,,,,
Pelecaniformes,Ardeidae,Butorides virescens,Ardea ibis,,,,,,
Pelecaniformes,Ardeidae,Ardea ibis,Ardea alba,,,,,,
Pelecaniformes,Ardeidae,Ardea alba,Ardea herodias,,,,,,
Cathartiformes,Cathartidae,California Condor,Gymnogyps californianus,,,,,,
Cathartiformes,Cathartidae,Turkey Vulture,Coragyps atratus,,,,,,
Cathartiformes,Cathartidae,Coragyps atratus,Cathartes aura,,,,,,
Accipitriformes,Pandionidae,Osprey,Pandion haliaetus,,,Yes,Critically Endangered,CR,Extirpated [CR]
Accipitriformes,Accipitridae,Mississippi Kite,Elanus leucurus,,,,,,
Accipitriformes,Accipitridae,Elanus leucurus,Aquila chrysaetos,,,,,,
Accipitriformes,Accipitridae,Aquila chrysaetos,Accipiter striatus,,,,,,
Accipitriformes,Accipitridae,Accipiter striatus,Astur cooperii,,,,,,
Accipitriformes,Accipitridae,Astur cooperii,Astur atricapillus,,,,,,
Accipitriformes,Accipitridae,Astur atricapillus,Circus hudsonius,,,,,,
Accipitriformes,Accipitridae,Circus hudsonius,Haliaeetus leucocephalus,,,,,,
Accipitriformes,Accipitridae,Haliaeetus leucocephalus,Ictinia mississippiensis,,,,,,
Accipitriformes,Accipitridae,Broad-winged Hawk,Buteo platypterus,,,,,,
Accipitriformes,Accipitridae,Ferruginous Hawk,Buteo lineatus,,,,,,
Accipitriformes,Accipitridae,Buteo lineatus,Buteo swainsoni,,,,,,
Accipitriformes,Accipitridae,Buteo swainsoni,Buteo jamaicensis,,,,,,
Accipitriformes,Accipitridae,Buteo jamaicensis,Buteo lagopus,,,,,,
Accipitriformes,Accipitridae,Buteo lagopus,Buteo regalis,,,,,,
Strigiformes,Tytonidae,American Barn Owl,Tyto furcata,,,,,,
Strigiformes,Strigidae,Flammulated Owl,Psiloscops flammeolus,,,,,,
Strigiformes,Strigidae,Western Screech-Owl,Megascops kennicottii,,,,,,
Strigiformes,Strigidae,Great Horned Owl,Bubo scandiacus,,,,,,
Strigiformes,Strigidae,Bubo scandiacus,Bubo virginianus,,,,,,
Strigiformes,Strigidae,Northern Hawk Owl,Surnia ulula,,,,,,
Strigiformes,Strigidae,Boreal Owl,Glaucidium gnoma,,,,,,
Strigiformes,Strigidae,Glaucidium gnoma,Athene cunicularia,,,,,,
Strigiformes,Strigidae,Athene cunicularia,Strix occidentalis,,,,,,
Strigiformes,Strigidae,Strix occidentalis,Strix varia,,,,,,
Strigiformes,Strigidae,Strix varia,Strix nebulosa,,,,,,
Strigiformes,Strigidae,Strix nebulosa,Asio otus,,,,,,
Strigiformes,Strigidae,Asio otus,Asio flammeus,,,,,,
Strigiformes,Strigidae,Asio flammeus,Aegolius funereus,,,,,,
Strigiformes,Strigidae,Northern Saw-whet Owl,Aegolius acadicus,,Yes,,,,Rare/Accidental
Coraciiformes,Alcedinidae,Belted Kingfisher,Megaceryle alcyon,,,,,,
Piciformes,Picidae,Williamson's Sapsucker,Sphyrapicus thyroideus,,,,,,
Piciformes,Picidae,Yellow-bellied Sapsucker,Sphyrapicus varius,,,,,,
Piciformes,Picidae,Red-naped Sapsucker,Sphyrapicus nuchalis,,,,,,
Piciformes,Picidae,Red-breasted Sapsucker,Sphyrapicus ruber,,,,,,
Piciformes,Picidae,Lewis's Woodpecker,Melanerpes lewis,,,,,,
Piciformes,Picidae,Red-headed Woodpecker,Melanerpes erythrocephalus,,,,,,
Piciformes,Picidae,Acorn Woodpecker,Melanerpes formicivorus,,,,,,
Piciformes,Picidae,American Three-toed Woodpecker,Picoides dorsalis,,,,,,
Piciformes,Picidae,Black-backed Woodpecker,Picoides arcticus,,,,,,
Piciformes,Picidae,Downy Woodpecker,Dryobates pubescens,,,,,,
Piciformes,Picidae,Hairy Woodpecker,Dryobates villosus,,,,,,
Piciformes,Picidae,White-headed Woodpecker,Dryobates albolarvatus,,,,,,
Piciformes,Picidae,Pileated Woodpecker,Dryocopus pileatus,,,,,,
Piciformes,Picidae,Northern Flicker,Colaptes auratus,,Yes,,,,Rare/Accidental
Falconiformes,Falconidae,Prairie Falcon,Caracara plancus,,,,,,
Falconiformes,Falconidae,Caracara plancus,Falco tinnunculus,,,,,,
Falconiformes,Falconidae,Falco tinnunculus,Falco sparverius,,,,,,
Falconiformes,Falconidae,Falco sparverius,Falco columbarius,,,,,,
Falconiformes,Falconidae,Falco columbarius,Falco rusticolus,,,,,,
Falconiformes,Falconidae,Falco rusticolus,Falco peregrinus,,,,,,
Falconiformes,Falconidae,Falco peregrinus,Falco mexicanus,,,,,,
Passeriformes,Tyrannidae,Olive-sided Flycatcher,Contopus cooperi,,,,,,
Passeriformes,Tyrannidae,Western Wood-Pewee,Contopus sordidulus,,,,,,
Passeriformes,Tyrannidae,Eastern Wood-Pewee,Contopus virens,,,,,,
Passeriformes,Tyrannidae,Yellow-bellied Flycatcher,Empidonax flaviventris,,Yes,,,,Rare/Accidental
Passeriformes,Tyrannidae,Least Flycatcher,Empidonax virescens,,,,,,
Passeriformes,Tyrannidae,Empidonax virescens,Empidonax alnorum,,,,,,
Passeriformes,Tyrannidae,Empidonax alnorum,Empidonax traillii,,,,,,
Passeriformes,Tyrannidae,Empidonax traillii,Empidonax minimus,,,,,,
Passeriformes,Tyrannidae,Hammond's Flycatcher,Empidonax hammondii,,,,,,
Passeriformes,Tyrannidae,Dusky Flycatcher,Empidonax wrightii,,,,,,
Passeriformes,Tyrannidae,Empidonax wrightii,Empidonax oberholseri,,,,,,
Passeriformes,Tyrannidae,Western Flycatcher,Empidonax difficilis,,,,,,
Passeriformes,Tyrannidae,Say's Phoebe,Sayornis nigricans,,,,,,
Passeriformes,Tyrannidae,Sayornis nigricans,Sayornis phoebe,,,,,,
Passeriformes,Tyrannidae,Sayornis phoebe,Sayornis saya,,,,,,
Passeriformes,Tyrannidae,Vermilion Flycatcher,Pyrocephalus rubinus,,,,,,
Passeriformes,Tyrannidae,Ash-throated Flycatcher,Myiarchus cinerascens,,,,,,
Passeriformes,Tyrannidae,Great Crested Flycatcher,Myiarchus crinitus,,,,,,
Passeriformes,Tyrannidae,Tropical Kingbird,Tyrannus melancholicus,,,,,,
Passeriformes,Tyrannidae,Thick-billed Kingbird,Tyrannus crassirostris,,,,,,
Passeriformes,Tyrannidae,Gray Kingbird,Tyrannus verticalis,,,,,,
Passeriformes,Tyrannidae,Tyrannus verticalis,Tyrannus tyrannus,,,,,,
Passeriformes,Tyrannidae,Tyrannus tyrannus,Tyrannus dominicensis,,,,,,
Passeriformes,Tyrannidae,Scissor-tailed Flycatcher,Tyrannus forficatus,,,,,,
Passeriformes,Tyrannidae,Fork-tailed Flycatcher,Tyrannus savana,,Yes,,,,Rare/Accidental
Passeriformes,Vireonidae,Yellow-green Vireo,Vireo atricapilla,,,,,,
Passeriformes,Vireonidae,Vireo atricapilla,Vireo griseus,,,,,,
Passeriformes,Vireonidae,Vireo griseus,Vireo bellii,,,,,,
Passeriformes,Vireonidae,Vireo bellii,Vireo huttoni,,,,,,
Passeriformes,Vireonidae,Vireo huttoni,Vireo cassinii,,,,,,
Passeriformes,Vireonidae,Vireo cassinii,Vireo solitarius,,,,,,
Passeriformes,Vireonidae,Vireo solitarius,Vireo philadelphicus,,,,,,
Passeriformes,Vireonidae,Vireo philadelphicus,Vireo gilvus,,,,,,
Passeriformes,Vireonidae,Vireo gilvus,Vireo olivaceus,,,,,,
Passeriformes,Vireonidae,Vireo olivaceus,Vireo flavoviridis,,Yes,,Near Threatened,NT,Rare/Accidental [NT]
Passeriformes,Corvidae,Common Raven,Lanius collurio,,,,,,
Passeriformes,Corvidae,Lanius collurio,Lanius cristatus,,,,,,
Passeriformes,Corvidae,Lanius cristatus,Lanius ludovicianus,,,,,,
Passeriformes,Corvidae,Lanius ludovicianus,Lanius borealis,,,,,,
Passeriformes,Corvidae,Lanius borealis,Perisoreus canadensis,,,,,,
Passeriformes,Corvidae,Perisoreus canadensis,Gymnorhinus cyanocephalus,,,,,,
Passeriformes,Corvidae,Gymnorhinus cyanocephalus,Cyanocitta stelleri,,,,,,
Passeriformes,Corvidae,Cyanocitta stelleri,Cyanocitta cristata,,,,,,
Passeriformes,Corvidae,Cyanocitta cristata,Aphelocoma californica,,,,,,
Passeriformes,Corvidae,Aphelocoma californica,Pica hudsonia,,,,,,
Passeriformes,Corvidae,Pica hudsonia,Nucifraga columbiana,,,,,,
Passeriformes,Corvidae,Nucifraga columbiana,Corvus brachyrhynchos,,,,,,
Passeriformes,Corvidae,Corvus brachyrhynchos,Corvus corax,,,,,,
Passeriformes,Paridae,Black-capped Chickadee,Poecile atricapillus,,,,,,
Passeriformes,Paridae,Mountain Chickadee,Poecile gambeli,,,,,,
Passeriformes,Paridae,Chestnut-backed Chickadee,Poecile rufescens,,,,,,
Passeriformes,Paridae,Boreal Chickadee,Poecile hudsonicus,,,,,,
Passeriformes,Alaudidae,Horned Lark,Alauda arvensis,,,,,,
Passeriformes,Alaudidae,Alauda arvensis,Eremophila alpestris,,,,,,
Passeriformes,Alaudidae,Rare/Accidental,Introduced species,,,,,,
Passeriformes,Hirundinidae,Tree Swallow,Riparia riparia,,,,,,
Passeriformes,Hirundinidae,Riparia riparia,Tachycineta bicolor,,,,,,
Passeriformes,Hirundinidae,Violet-green Swallow,Tachycineta thalassina,,,,,,
Passeriformes,Hirundinidae,Purple Martin,Progne subis,,,,,,
Passeriformes,Hirundinidae,Northern Rough-winged Swallow,Stelgidopteryx serripennis,,,,,,
Passeriformes,Hirundinidae,Barn Swallow,Hirundo rustica,,,,,,
Passeriformes,Hirundinidae,Western House-Martin,Delichon urbicum,,,,,,
Passeriformes,Hirundinidae,Cave Swallow,Petrochelidon pyrrhonota,,,,,,
Passeriformes,Hirundinidae,Petrochelidon pyrrhonota,Petrochelidon fulva,,Yes,,,,Rare/Accidental
Passeriformes,Phylloscopidae,Yellow-browed Warbler,Phylloscopus inornatus,,Yes,,,,Rare/Accidental
Passeriformes,Aegithalidae,Bushtit,Psaltriparus minimus,,,,,,
Passeriformes,Regulidae,Ruby-crowned Kinglet,Corthylio calendula,,,,,,
Passeriformes,Regulidae,Golden-crowned Kinglet,Regulus satrapa,,,,,,
Passeriformes,Sittidae,White-breasted Nuthatch,Sitta carolinensis,,,,,,
Passeriformes,Sittidae,Pygmy Nuthatch,Sitta pygmaea,,,,,,
Passeriformes,Sittidae,Red-breasted Nuthatch,Sitta canadensis,,,,,,
Passeriformes,Certhiidae,Brown Creeper,Certhia americana,,,,,,
Passeriformes,Polioptilidae,Blue-gray Gnatcatcher,Polioptila caerulea,,Yes,,,,Rare/Accidental
Passeriformes,Troglodytidae,Canyon Wren,Salpinctes obsoletus,,,,,,
Passeriformes,Troglodytidae,Salpinctes obsoletus,Catherpes mexicanus,,,,,,
Passeriformes,Troglodytidae,Northern House Wren,Troglodytes aedon,,,,,,
Passeriformes,Troglodytidae,Bewick's Wren,Troglodytes pacificus,,,,,,
Passeriformes,Troglodytidae,Troglodytes pacificus,Troglodytes hiemalis,,,,,,
Passeriformes,Troglodytidae,Troglodytes hiemalis,Cistothorus stellaris,,,,,,
Passeriformes,Troglodytidae,Cistothorus stellaris,Cistothorus palustris,,,,,,
Passeriformes,Troglodytidae,Cistothorus palustris,Thryomanes bewickii,,,,,,
Passeriformes,Cinclidae,American Dipper,Cinclus mexicanus,,,,,,
Passeriformes,Sturnidae,Crested Myna,Sturnus vulgaris,,,,,,
Passeriformes,Sturnidae,Sturnus vulgaris,Acridotheres cristatellus,,,,,,
Passeriformes,Mimidae,Gray Catbird,Dumetella carolinensis,,,,,,
Passeriformes,Mimidae,Curve-billed Thrasher,Toxostoma curvirostre,,,,,,
Passeriformes,Mimidae,Sage Thrasher,Toxostoma rufum,,,,,,
Passeriformes,Mimidae,Toxostoma rufum,Oreoscoptes montanus,,,,,,
Passeriformes,Mimidae,Northern Mockingbird,Mimus polyglottos,,,,,,
Passeriformes,Turdidae,Mountain Bluebird,Sialia sialis,,,,,,
Passeriformes,Turdidae,Sialia sialis,Sialia mexicana,,,,,,
Passeriformes,Turdidae,Sialia mexicana,Sialia currucoides,,,,,,
Passeriformes,Turdidae,Townsend's Solitaire,Myadestes townsendi,,,,,,
Passeriformes,Turdidae,Redwing,Ixoreus naevius,,,,,,
Passeriformes,Turdidae,Ixoreus naevius,Catharus fuscescens,,,,,,
Passeriformes,Turdidae,Catharus fuscescens,Catharus minimus,,,,,,
Passeriformes,Turdidae,Catharus minimus,Catharus ustulatus,,,,,,
Passeriformes,Turdidae,Catharus ustulatus,Catharus guttatus,,,,,,
Passeriformes,Turdidae,Catharus guttatus,Hylocichla mustelina,,,,,,
Passeriformes,Turdidae,Hylocichla mustelina,Turdus iliacus,,Yes,,,,Rare/Accidental
Passeriformes,Turdidae,Rare/Accidental,Introduced species,,,Yes,,,Extirpated
Passeriformes,Turdidae,Dusky Thrush,Turdus migratorius,,,,,,
Passeriformes,Turdidae,Turdus migratorius,Turdus pilaris,,,,,,
Passeriformes,Turdidae,Turdus pilaris,Turdus eunomus,,,,,,
Passeriformes,Muscicapidae,Red-flanked Bluetail,Tarsiger cyanurus,,,,,,
Passeriformes,Muscicapidae,Northern Wheatear,Monticola solitarius,,,,,,
Passeriformes,Muscicapidae,Monticola solitarius,Oenanthe oenanthe,,,,,,
Passeriformes,Bombycillidae,Bohemian Waxwing,Bombycilla garrulus,,,,,,
Passeriformes,Bombycillidae,Cedar Waxwing,Bombycilla cedrorum,,,,,,
Passeriformes,Prunellidae,Siberian Accentor,Prunella montanella,,Yes,,,,Rare/Accidental
Passeriformes,Passeridae,House Sparrow,Passer domesticus,Yes,,,,,Introduced species
Passeriformes,Motacillidae,Gray Wagtail,Motacilla cinerea,,,,,,
Passeriformes,Motacillidae,Eastern Yellow Wagtail,Motacilla tschutschensis,,,,,,
Passeriformes,Motacillidae,Sprague's Pipit,Motacilla citreola,,,,,,
Passeriformes,Motacillidae,Motacilla citreola,Motacilla alba,,,,,,
Passeriformes,Motacillidae,Motacilla alba,Anthus cervinus,,,,,,
Passeriformes,Motacillidae,Anthus cervinus,Anthus japonicus,,,,,,
Passeriformes,Motacillidae,Anthus japonicus,Anthus rubescens,,,,,,
Passeriformes,Motacillidae,Anthus rubescens,Anthus spragueii,,Yes,,,,Rare/Accidental
Passeriformes,Fringillidae,Brambling,Fringilla montifringilla,,Yes,,,,Rare/Accidental
Passeriformes,Fringillidae,Pine Grosbeak,Coccothraustes vespertinus,,,,,,
Passeriformes,Fringillidae,Coccothraustes vespertinus,Pinicola enucleator,,,,,,
Passeriformes,Fringillidae,Gray-crowned Rosy-Finch,Leucosticte tephrocotis,,,,,,
Passeriformes,Fringillidae,Cassin's Finch,Haemorhous mexicanus,,,,,,
Passeriformes,Fringillidae,Haemorhous mexicanus,Haemorhous purpureus,,,,,,
Passeriformes,Fringillidae,Haemorhous purpureus,Haemorhous cassinii,,,,Vulnerable,VU,[VU]
Passeriformes,Fringillidae,Oriental Greenfinch,Chloris sinica,,Yes,,,,Rare/Accidental
Passeriformes,Fringillidae,American Goldfinch,Acanthis flammea,,,,,,
Passeriformes,Fringillidae,Acanthis flammea,Loxia curvirostra,,,,,,
Passeriformes,Fringillidae,Loxia curvirostra,Loxia leucoptera,,,,,,
Passeriformes,Fringillidae,Loxia leucoptera,Spinus pinus,,,,,,
Passeriformes,Fringillidae,Spinus pinus,Spinus psaltria,,,,,,
Passeriformes,Fringillidae,Spinus psaltria,Spinus tristis,,Yes,,,,Rare/Accidental
Passeriformes,Calcariidae,Lapland Longspur,Calcarius lapponicus,,,,,,
Passeriformes,Calcariidae,Chestnut-collared Longspur,Calcarius ornatus,,,,,,
Passeriformes,Calcariidae,Smith's Longspur,Calcarius pictus,,,,,,
Passeriformes,Calcariidae,Thick-billed Longspur,Rhynchophanes mccownii,,,,,,
Passeriformes,Calcariidae,McKay's Bunting,Plectrophenax nivalis,,,,,,
Passeriformes,Calcariidae,Plectrophenax nivalis,Plectrophenax hyperboreus,,,,,,
Passeriformes,Emberizidae,Rustic Bunting,Emberiza leucocephalos,,,,,,
Passeriformes,Emberizidae,Emberiza leucocephalos,Emberiza pallasi,,,,,,
Passeriformes,Emberizidae,Emberiza pallasi,Emberiza pusilla,,,,,,
Passeriformes,Emberizidae,Emberiza pusilla,Emberiza rustica,,Yes,,Vulnerable,VU,Rare/Accidental [VU]
Passeriformes,Passerellidae,Grasshopper Sparrow,Ammodramus savannarum,,,,,,
Passeriformes,Passerellidae,Chipping Sparrow,Spizella passerina,,,,,,
Passeriformes,Passerellidae,Clay-colored Sparrow,Spizella pallida,,,,,,
Passeriformes,Passerellidae,Brewer's Sparrow,Spizella pusilla,,,,,,
Passeriformes,Passerellidae,Spizella pusilla,Spizella breweri,,,,,,
Passeriformes,Passerellidae,Black-throated Sparrow,Amphispiza bilineata,,,,,,
Passeriformes,Passerellidae,Lark Bunting,Chondestes grammacus,,,,,,
Passeriformes,Passerellidae,Chondestes grammacus,Calamospiza melanocorys,,,,,,
Passeriformes,Passerellidae,American Tree Sparrow,Spizelloides arborea,,,,,,
Passeriformes,Passerellidae,Dark-eyed Junco,Passerella iliaca,,,,,,
Passeriformes,Passerellidae,Passerella iliaca,Junco hyemalis,,,,,,
Passeriformes,Passerellidae,White-crowned Sparrow,Zonotrichia leucophrys,,,,,,
Passeriformes,Passerellidae,Golden-crowned Sparrow,Zonotrichia atricapilla,,,,,,
Passeriformes,Passerellidae,Harris's Sparrow,Zonotrichia querula,,,,,,
Passeriformes,Passerellidae,White-throated Sparrow,Zonotrichia albicollis,,,,,,
Passeriformes,Passerellidae,Sagebrush Sparrow,Artemisiospiza nevadensis,,,,,,
Passeriformes,Passerellidae,Spotted Towhee,Artemisiospiza belli,,,,,,
Passeriformes,Passerellidae,Artemisiospiza belli,Pooecetes gramineus,,,,,,
Passeriformes,Passerellidae,Pooecetes gramineus,Ammospiza leconteii,,,,,,
Passeriformes,Passerellidae,Ammospiza leconteii,Ammospiza nelsoni,,,,,,
Passeriformes,Passerellidae,Ammospiza nelsoni,Passerculus sandwichensis,,,,,,
Passeriformes,Passerellidae,Passerculus sandwichensis,Centronyx bairdii,,,,,,
Passeriformes,Passerellidae,Centronyx bairdii,Melospiza melodia,,,,,,
Passeriformes,Passerellidae,Melospiza melodia,Melospiza lincolnii,,,,,,
Passeriformes,Passerellidae,Melospiza lincolnii,Melospiza georgiana,,,,,,
Passeriformes,Passerellidae,Melospiza georgiana,Pipilo chlorurus,,,,,,
Passeriformes,Passerellidae,Pipilo chlorurus,Pipilo maculatus,,,,,,
Passeriformes,Icteriidae,Yellow-breasted Chat,Icteria virens,,Yes,,,,Rare/Accidental
Passeriformes,Icteridae,Yellow-headed Blackbird,Xanthocephalus xanthocephalus,,,,,,
Passeriformes,Icteridae,Bobolink,Dolichonyx oryzivorus,,,,,,
Passeriformes,Icteridae,Western Meadowlark,Sturnella neglecta,,,,,,
Passeriformes,Icteridae,Orchard Oriole,Icterus spurius,,Yes,,,,Rare/Accidental
Passeriformes,Icteridae,Baltimore Oriole,Icterus cucullatus,,,,,,
Passeriformes,Icteridae,Icterus cucullatus,Icterus bullockii,,,,,,
Passeriformes,Icteridae,Icterus bullockii,Icterus galbula,,,,,,
Passeriformes,Icteridae,Red-winged Blackbird,Agelaius phoeniceus,,,,,,
Passeriformes,Icteridae,Brown-headed Cowbird,Molothrus ater,,,,,,
Passeriformes,Icteridae,Common Grackle,Euphagus carolinus,,,,,,
Passeriformes,Icteridae,Euphagus carolinus,Euphagus cyanocephalus,,,,,,
Passeriformes,Icteridae,Euphagus cyanocephalus,Quiscalus quiscula,,Yes,,,,Rare/Accidental
Passeriformes,Icteridae,Great-tailed Grackle,Quiscalus mexicanus,,Yes,,,,Rare/Accidental
Passeriformes,Parulidae,Ovenbird,Seiurus aurocapilla,,,,,,
Passeriformes,Parulidae,Northern Waterthrush,Parkesia noveboracensis,,,,,,
Passeriformes,Parulidae,Golden-winged Warbler,Vermivora chrysoptera,,,,,,
Passeriformes,Parulidae,Blue-winged Warbler,Vermivora cyanoptera,,,,,,
Passeriformes,Parulidae,Black-and-white Warbler,Mniotilta varia,,,,,,
Passeriformes,Parulidae,Prothonotary Warbler,Protonotaria citrea,,,,,,
Passeriformes,Parulidae,Tennessee Warbler,Leiothlypis peregrina,,,,,,
Passeriformes,Parulidae,Orange-crowned Warbler,Leiothlypis celata,,,,,,
Passeriformes,Parulidae,Nashville Warbler,Leiothlypis luciae,,,,,,
Passeriformes,Parulidae,Leiothlypis luciae,Leiothlypis ruficapilla,,,,,,
Passeriformes,Parulidae,Connecticut Warbler,Oporornis agilis,,,,,,
Passeriformes,Parulidae,MacGillivray's Warbler,Geothlypis tolmiei,,,,,,
Passeriformes,Parulidae,Magnolia Warbler,Geothlypis philadelphia,,,,,,
Passeriformes,Parulidae,Geothlypis philadelphia,Geothlypis formosa,,,,,,
Passeriformes,Parulidae,Geothlypis formosa,Geothlypis trichas,,,,,,
Passeriformes,Parulidae,Geothlypis trichas,Setophaga citrina,,,,,,
Passeriformes,Parulidae,Setophaga citrina,Setophaga ruticilla,,,,,,
Passeriformes,Parulidae,Setophaga ruticilla,Setophaga tigrina,,,,,,
Passeriformes,Parulidae,Setophaga tigrina,Setophaga americana,,,,,,
Passeriformes,Parulidae,Setophaga americana,Setophaga magnolia,,,,,,
Passeriformes,Parulidae,Bay-breasted Warbler,Setophaga castanea,,,,,,
Passeriformes,Parulidae,Blackburnian Warbler,Setophaga fusca,,Yes,,Near Threatened,NT,Rare/Accidental [NT]
Passeriformes,Parulidae,Yellow Warbler,Setophaga petechia,,,,,,
Passeriformes,Parulidae,Chestnut-sided Warbler,Setophaga pensylvanica,,,,,,
Passeriformes,Parulidae,Blackpoll Warbler,Setophaga striata,,,,,,
Passeriformes,Parulidae,Black-throated Blue Warbler,Setophaga caerulescens,,,,,,
Passeriformes,Parulidae,Pine Warbler,Setophaga palmarum,,,,,,
Passeriformes,Parulidae,Setophaga palmarum,Setophaga pinus,,,,,,
Passeriformes,Parulidae,Yellow-rumped Warbler,Setophaga coronata,,,,,,
Passeriformes,Parulidae,Yellow-throated Warbler,Setophaga dominica,,,,,,
Passeriformes,Parulidae,Prairie Warbler,Setophaga discolor,,,,,,
Passeriformes,Parulidae,Black-throated Gray Warbler,Setophaga nigrescens,,,,,,
Passeriformes,Parulidae,Townsend's Warbler,Setophaga townsendi,,,,,,
Passeriformes,Parulidae,Hermit Warbler,Setophaga occidentalis,,Yes,,,,Rare/Accidental
Passeriformes,Parulidae,Black-throated Green Warbler,Setophaga virens,,,,,,
Passeriformes,Parulidae,Painted Redstart,Cardellina canadensis,,,,,,
Passeriformes,Parulidae,Cardellina canadensis,Cardellina pusilla,,,,,,
Passeriformes,Parulidae,Cardellina pusilla,Myioborus pictus,,,,,,
Passeriformes,Cardinalidae,Northern Cardinal,Piranga rubra,,,,,,
Passeriformes,Cardinalidae,Piranga rubra,Piranga olivacea,,,,,,
Passeriformes,Cardinalidae,Piranga olivacea,Piranga ludoviciana,,,,,,
Passeriformes,Cardinalidae,Piranga ludoviciana,Cardinalis cardinalis,,,,,,
Passeriformes,Cardinalidae,Rose-breasted Grosbeak,Pheucticus ludovicianus,,,,,,
Passeriformes,Cardinalidae,Black-headed Grosbeak,Pheucticus melanocephalus,,,,,,
Passeriformes,Cardinalidae,Dickcissel,Passerina caerulea,,,,,,
Passeriformes,Cardinalidae,Passerina caerulea,Passerina amoena,,,,,,
Passeriformes,Cardinalidae,Passerina amoena,Passerina cyanea,,,,,,
Passeriformes,Cardinalidae,Passerina cyanea,Passerina ciris,,,,,,
Passeriformes,Cardinalidae,Passerina ciris,Spiza americana,,Yes,,,,Rare/Accidental
