SORTER,Submitted_Name,Submitted_Author,Submitted_Genus,Submitted_Rank,Name_in_database,Author_in_database,Genus_in_database,Rank_in_database,ID_in_database,Name_set,Fuzzy,Score,name.dist,author.dist,New_name,New_author,New_ID,Family,Name_spLev,Accepted_SPNAME,NOTE
1,Dendrocygna bicolor,,Dendrocygna,2,Dendrocygna bicolor,"(Vieillot, 1816)",Dendrocygna,2,175046,1,FALSE,0.8,0,,,,,Anatidae,,Dendrocygna bicolor,
2,Anser canagicus,,Anser,2,Anser canagicus,"(Sevastianov, 1802)",Anser,2,175042-175031,1,FALSE,0.8,0,,Chen canagica,"(Sevastianov, 1802)",175042,Anatidae,,Chen canagica,
3,Anser caerulescens,,Anser,2,Anser caerulescens,"(Linnaeus, 1758)",Anser,2,175038-175029,1,FALSE,0.8,0,,Chen caerulescens,"(Linnaeus, 1758)",175038,Anatidae,,Chen caerulescens,
4,Anser rossii,,Anser,2,Anser rossii,"Cassin, 1861",Anser,2,175041-175035,1,FALSE,0.8,0,,Chen rossii,"(Cassin, 1861)",175041,Anatidae,,Chen rossii,
5,Anser albifrons,,Anser,2,Anser albifrons,"(Scopoli, 1769)",Anser,2,175020,1,FALSE,0.8,0,,,,,Anatidae,,Anser albifrons,
6,Anser erythropus,,Anser,2,Anser erythropus,"(Linnaeus, 1758)",Anser,2,175033,1,FALSE,0.8,0,,,,,Anatidae,,Anser erythropus,
7,Anser fabalis,,Anser,2,Anser fabalis,"(Latham, 1787)",Anser,2,175024,1,FALSE,0.8,0,,,,,Anatidae,,Anser fabalis,
8,Anser brachyrhynchus,,Anser,2,Anser brachyrhynchus,"Baillon, 1834",Anser,2,175036,1,FALSE,0.8,0,,,,,Anatidae,,Anser brachyrhynchus,
9,Branta bernicla,,Branta,2,Branta bernicla,"(Linnaeus, 1758)",Branta,2,175011,1,FALSE,0.8,0,,,,,Anatidae,,Branta bernicla,
10,Branta hutchinsii,,Branta,2,Branta hutchinsii,"(Richardson, 1832)",Branta,2,714068,1,FALSE,0.8,0,,,,,Anatidae,,Branta hutchinsii,
11,Branta canadensis,,Branta,2,Branta canadensis,"(Linnaeus, 1758)",Branta,2,174999,1,FALSE,0.8,0,,,,,Anatidae,,Branta canadensis,
12,Cygnus olor,,Cygnus,2,Cygnus olor,"(Gmelin, 1789)",Cygnus,2,174985,1,FALSE,0.8,0,,,,,Anatidae,,Cygnus olor,
13,Cygnus buccinator,,Cygnus,2,Cygnus buccinator,"Richardson, 1831",Cygnus,2,174992,1,FALSE,0.8,0,,,,,Anatidae,,Cygnus buccinator,
14,Cygnus columbianus,,Cygnus,2,Cygnus columbianus,"(Ord, 1815)",Cygnus,2,174987,1,FALSE,0.8,0,,,,,Anatidae,,Cygnus columbianus,
15,Cygnus cygnus,,Cygnus,2,Cygnus cygnus,"(Linnaeus, 1758)",Cygnus,2,174990,1,FALSE,0.8,0,,,,,Anatidae,,Cygnus cygnus,
16,Aix sponsa,,Aix,2,Aix sponsa,"(Linnaeus, 1758)",Aix,2,175122,1,FALSE,0.8,0,,,,,Anatidae,,Aix sponsa,
17,Sibirionetta formosa,,Sibirionetta,2,,,,,,1,TRUE,,,,,,,,,,No matching result
18,Spatula querquedula,,Spatula,2,,,,,,1,TRUE,,,,,,,,,,No matching result
19,Spatula discors,,Spatula,2,,,,,,1,TRUE,,,,,,,,,,No matching result
20,Spatula cyanoptera,,Spatula,2,,,,,,1,TRUE,,,,,,,,,,No matching result
21,Spatula clypeata,,Spatula,2,,,,,,1,TRUE,,,,,,,,,,No matching result
22,Mareca strepera,,Mareca,2,Mareca americana,"(Gmelin, 1789)",Mareca,2,175094-175095,1,TRUE,0.45,7,,Anas americana,"Gmelin, 1789",175094,Anatidae,,Anas americana,
23,Mareca falcata,,Mareca,2,Mareca americana,"(Gmelin, 1789)",Mareca,2,175094-175095,1,TRUE,0.5,6,,Anas americana,"Gmelin, 1789",175094,Anatidae,,Anas americana,
24,Mareca penelope,,Mareca,2,Mareca americana,"(Gmelin, 1789)",Mareca,2,175094-175095,1,TRUE,0.4,8,,Anas americana,"Gmelin, 1789",175094,Anatidae,,Anas americana,
25,Mareca americana,,Mareca,2,Mareca americana,"(Gmelin, 1789)",Mareca,2,175094-175095,1,FALSE,0.8,0,,Anas americana,"Gmelin, 1789",175094,Anatidae,,Anas americana,
26,Anas platyrhynchos,,Anas,2,Anas platyrhynchos,"Linnaeus, 1758",Anas,2,175063,1,FALSE,0.8,0,,,,,Anatidae,,Anas platyrhynchos,
27,Anas rubripes,,Anas,2,Anas rubripes,"Brewster, 1902",Anas,2,175068,1,FALSE,0.8,0,,,,,Anatidae,,Anas rubripes,
28,Anas acuta,,Anas,2,Anas acuta,"Linnaeus, 1758",Anas,2,175074,1,FALSE,0.8,0,,,,,Anatidae,,Anas acuta,
29,Anas crecca,,Anas,2,Anas crecca,"Linnaeus, 1758",Anas,2,175081,1,FALSE,0.8,0,,,,,Anatidae,,Anas crecca,
30,Aythya valisineria,,Aythya,2,Aythya valisineria,"(A. Wilson, 1814)",Aythya,2,175129,1,FALSE,0.8,0,,,,,Anatidae,,Aythya valisineria,
31,Aythya americana,,Aythya,2,Aythya americana,"(Eyton, 1838)",Aythya,2,175125,1,FALSE,0.8,0,,,,,Anatidae,,Aythya americana,
32,Aythya ferina,,Aythya,2,Aythya ferina,"(Linnaeus, 1758)",Aythya,2,175126,1,FALSE,0.8,0,,,,,Anatidae,,Aythya ferina,
33,Aythya collaris,,Aythya,2,Aythya collaris,"(Donovan, 1809)",Aythya,2,175128,1,FALSE,0.8,0,,,,,Anatidae,,Aythya collaris,
34,Aythya fuligula,,Aythya,2,Aythya fuligula,"(Linnaeus, 1758)",Aythya,2,175135,1,FALSE,0.8,0,,,,,Anatidae,,Aythya fuligula,
35,Aythya marila,,Aythya,2,Aythya marila,"(Linnaeus, 1761)",Aythya,2,175130,1,FALSE,0.8,0,,,,,Anatidae,,Aythya marila,
36,Aythya affinis,,Aythya,2,Aythya affinis,"(Eyton, 1838)",Aythya,2,175134,1,FALSE,0.8,0,,,,,Anatidae,,Aythya affinis,
37,Polysticta stelleri,,Polysticta,2,Polysticta stelleri,"(Pallas, 1769)",Polysticta,2,175153,1,FALSE,0.8,0,,,,,Anatidae,,Polysticta stelleri,
38,Somateria fischeri,,Somateria,2,Somateria fischeri,"(Brandt, 1847)",Somateria,2,175161,1,FALSE,0.8,0,,,,,Anatidae,,Somateria fischeri,
39,Somateria spectabilis,,Somateria,2,Somateria spectabilis,"(Linnaeus, 1758)",Somateria,2,175160,1,FALSE,0.8,0,,,,,Anatidae,,Somateria spectabilis,
40,Somateria mollissima,,Somateria,2,Somateria mollissima,"(Linnaeus, 1758)",Somateria,2,175155,1,FALSE,0.8,0,,,,,Anatidae,,Somateria mollissima,
41,Histrionicus histrionicus,,Histrionicus,2,Histrionicus histrionicus,"(Linnaeus, 1758)",Histrionicus,2,175149,1,FALSE,0.8,0,,,,,Anatidae,,Histrionicus histrionicus,
42,Melanitta perspicillata,,Melanitta,2,Melanitta perspicillata,"(Linnaeus, 1758)",Melanitta,2,175170,1,FALSE,0.8,0,,,,,Anatidae,,Melanitta perspicillata,
43,Melanitta deglandi,,Melanitta,2,Melanitta deglandi,"(Bonaparte, 1850)",Melanitta,2,175165-175167,1,FALSE,0.8,0,,Melanitta fusca deglandi,"(Bonaparte, 1850)",175165,Anatidae,,Melanitta fusca deglandi,
44,Melanitta americana,,Melanitta,2,Melanitta americana,"(Swainson, 1832)",Melanitta,2,175173-714092,1,FALSE,0.8,0,,Melanitta nigra americana,"(Swainson, 1832)",175173,Anatidae,,Melanitta nigra americana,
45,Clangula hyemalis,,Clangula,2,Clangula hyemalis,"(Linnaeus, 1758)",Clangula,2,175147,1,FALSE,0.8,0,,,,,Anatidae,,Clangula hyemalis,
46,Bucephala albeola,,Bucephala,2,Bucephala albeola,"(Linnaeus, 1758)",Bucephala,2,175145,1,FALSE,0.8,0,,,,,Anatidae,,Bucephala albeola,
47,Bucephala clangula,,Bucephala,2,Bucephala clangula,"(Linnaeus, 1758)",Bucephala,2,175141,1,FALSE,0.8,0,,,,,Anatidae,,Bucephala clangula,
48,Bucephala islandica,,Bucephala,2,Bucephala islandica,"(Gmelin, 1789)",Bucephala,2,175144,1,FALSE,0.8,0,,,,,Anatidae,,Bucephala islandica,
49,Mergellus albellus,,Mergellus,2,Mergellus albellus,"(Linnaeus, 1758)",Mergellus,2,175196,1,FALSE,0.8,0,,,,,Anatidae,,Mergellus albellus,
50,Lophodytes cucullatus,,Lophodytes,2,Lophodytes cucullatus,"(Linnaeus, 1758)",Lophodytes,2,175183,1,FALSE,0.8,0,,,,,Anatidae,,Lophodytes cucullatus,
51,Mergus merganser,,Mergus,2,Mergus merganser,"Linnaeus, 1758",Mergus,2,175185,1,FALSE,0.8,0,,,,,Anatidae,,Mergus merganser,
52,Mergus serrator,,Mergus,2,Mergus serrator,"Linnaeus, 1758",Mergus,2,175187,1,FALSE,0.8,0,,,,,Anatidae,,Mergus serrator,
53,Oxyura jamaicensis,,Oxyura,2,Oxyura jamaicensis,"(Gmelin, 1789)",Oxyura,2,175175,1,FALSE,0.8,0,,,,,Anatidae,,Oxyura jamaicensis,
54,Oreortyx pictus,,Oreortyx,2,Oreortyx pictus,"(Douglas, 1829)",Oreortyx,2,175893,1,FALSE,0.8,0,,,,,Odontophoridae,,Oreortyx pictus,
55,Callipepla californica,,Callipepla,2,Callipepla californica,"(Shaw, 1798)",Callipepla,2,175876,1,FALSE,0.8,0,,,,,Odontophoridae,,Callipepla californica,
56,Meleagris gallopavo,,Meleagris,2,Meleagris gallopavo,"Linnaeus, 1758",Meleagris,2,176136,1,FALSE,0.8,0,,,,,Phasianidae,,Meleagris gallopavo,
57,Bonasa umbellus,,Bonasa,2,Bonasa umbellus,"(Linnaeus, 1766)",Bonasa,2,175790,1,FALSE,0.8,0,,,,,Phasianidae,,Bonasa umbellus,
58,Centrocercus urophasianus,,Centrocercus,2,Centrocercus urophasianus,"(Bonaparte, 1827)",Centrocercus,2,175855,1,FALSE,0.8,0,,,,,Phasianidae,,Centrocercus urophasianus,
59,Dendragapus obscurus,,Dendragapus,2,Dendragapus obscurus,"(Say, 1823)",Dendragapus,2,175860,1,FALSE,0.8,0,,,,,Phasianidae,,Dendragapus obscurus,
60,Dendragapus fuliginosus,,Dendragapus,2,Dendragapus falcipennis,"(Hartlaub, 1855)",Dendragapus,2,553895-175781,1,TRUE,0.45,7,,Falcipennis falcipennis,"(Hartlaub, 1855)",553895,Phasianidae,,Falcipennis falcipennis,
61,Tympanuchus phasianellus,,Tympanuchus,2,Tympanuchus phasianellus,"(Linnaeus, 1758)",Tympanuchus,2,175841,1,FALSE,0.8,0,,,,,Phasianidae,,Tympanuchus phasianellus,
62,Lagopus leucura,,Lagopus,2,Lagopus leucura,"(Richardson, 1831)",Lagopus,2,677541,1,FALSE,0.8,0,,,,,Phasianidae,,Lagopus leucura,
63,Lagopus lagopus,,Lagopus,2,Lagopus lagopus,"(Linnaeus, 1758)",Lagopus,2,175804,1,FALSE,0.8,0,,,,,Phasianidae,,Lagopus lagopus,
64,Lagopus muta,,Lagopus,2,Lagopus muta,"(Montin, 1781)",Lagopus,2,677542,1,FALSE,0.8,0,,,,,Phasianidae,,Lagopus muta,
65,Canachites canadensis,,Canachites,2,Canachites canadensis,"(Linnaeus, 1758)",Canachites,2,553896-175783,1,FALSE,0.8,0,,Falcipennis canadensis,"(Linnaeus, 1758)",553896,Phasianidae,,Falcipennis canadensis,
66,Perdix perdix,,Perdix,2,Perdix perdix,"(Linnaeus, 1758)",Perdix,2,175915,1,FALSE,0.8,0,,,,,Phasianidae,,Perdix perdix,
67,Phasianus colchicus,,Phasianus,2,Phasianus colchicus,"Linnaeus, 1758",Phasianus,2,175905,1,FALSE,0.8,0,,,,,Phasianidae,,Phasianus colchicus,
68,Phasianus versicolor,,Phasianus,2,Phasianus versicolor,"Vieillot, 1825",Phasianus,2,175906,1,FALSE,0.8,0,,,,,Phasianidae,,Phasianus versicolor,
69,Lophura nycthemera,,Lophura,2,Lophura nycthemera,"(Linnaeus, 1758)",Lophura,2,176083,1,FALSE,0.8,0,,,,,Phasianidae,,Lophura nycthemera,
70,Alectoris chukar,,Alectoris,2,Alectoris chukar,"(J. E. Gray, 1830)",Alectoris,2,175908,1,FALSE,0.8,0,,,,,Phasianidae,,Alectoris chukar,
71,Columba livia,,Columba,2,Columba livia,"J. F. Gmelin, 1789",Columba,2,177071,1,FALSE,0.8,0,,,,,Columbidae,,Columba livia,
72,Patagioenas fasciata,,Patagioenas,2,Patagioenas fasciata,"(Say, 1822)",Patagioenas,2,676899,1,FALSE,0.8,0,,,,,Columbidae,,Patagioenas fasciata,
73,Ectopistes migratorius,,Ectopistes,2,Ectopistes migratorius,"(Linnaeus, 1766)",Ectopistes,2,177132,1,FALSE,0.8,0,,,,,Columbidae,,Ectopistes migratorius,
74,Streptopelia orientalis,,Streptopelia,2,Streptopelia orientalis,"(Latham, 1790)",Streptopelia,2,177142,1,FALSE,0.8,0,,,,,Columbidae,,Streptopelia orientalis,
75,Streptopelia decaocto,,Streptopelia,2,Streptopelia decaocto,"(Frivaldszky, 1838)",Streptopelia,2,177139,1,FALSE,0.8,0,,,,,Columbidae,,Streptopelia decaocto,
76,Zenaida asiatica,,Zenaida,2,Zenaida asiatica,"(Linnaeus, 1758)",Zenaida,2,177121,1,FALSE,0.8,0,,,,,Columbidae,,Zenaida asiatica,
77,Zenaida macroura,,Zenaida,2,Zenaida macroura,"(Linnaeus, 1758)",Zenaida,2,177125,1,FALSE,0.8,0,,,,,Columbidae,,Zenaida macroura,
78,Coccyzus americanus,,Coccyzus,2,Coccyzus americanus,"(Linnaeus, 1758)",Coccyzus,2,177831,1,FALSE,0.8,0,,,,,Cuculidae,,Coccyzus americanus,
79,Coccyzus erythropthalmus,,Coccyzus,2,Coccyzus erythropthalmus,"(A. Wilson, 1811)",Coccyzus,2,177834,1,FALSE,0.8,0,,,,,Cuculidae,,Coccyzus erythropthalmus,
80,Cuculus canorus,,Cuculus,2,Cuculus canorus,"Linnaeus, 1758",Cuculus,2,177822,1,FALSE,0.8,0,,,,,Cuculidae,,Cuculus canorus,
81,Chordeiles acutipennis,,Chordeiles,2,Chordeiles acutipennis,"(Hermann, 1783)",Chordeiles,2,177988,1,FALSE,0.8,0,,,,,Caprimulgidae,,Chordeiles acutipennis,
82,Chordeiles minor,,Chordeiles,2,Chordeiles minor,"(J. R. Forster, 1771)",Chordeiles,2,177979,1,FALSE,0.8,0,,,,,Caprimulgidae,,Chordeiles minor,
83,Phalaenoptilus nuttallii,,Phalaenoptilus,2,Phalaenoptilus nuttallii,"(Audubon, 1844)",Phalaenoptilus,2,555544,1,FALSE,0.8,0,,,,,Caprimulgidae,,Phalaenoptilus nuttallii,
84,Antrostomus vociferus,,Antrostomus,2,Antrostomus vociferus,"(A. Wilson, 1812)",Antrostomus,2,1077358,1,FALSE,0.8,0,,,,,Caprimulgidae,,Antrostomus vociferus,
85,Cypseloides niger,,Cypseloides,2,Cypseloides niger,"(J. F. Gmelin, 1789)",Cypseloides,2,177997,1,FALSE,0.8,0,,,,,Apodidae,,Cypseloides niger,
86,Chaetura pelagica,,Chaetura,2,Chaetura pelagica,"(Linnaeus, 1758)",Chaetura,2,178001,1,FALSE,0.8,0,,,,,Apodidae,,Chaetura pelagica,
87,Chaetura vauxi,,Chaetura,2,Chaetura vauxi,"(J. K. Townsend, 1839)",Chaetura,2,178002,1,FALSE,0.8,0,,,,,Apodidae,,Chaetura vauxi,
88,Apus nipalensis,,Apus,2,Apus nipalensis,"(Hodgson, 1837)",Apus,2,555015,1,FALSE,0.8,0,,,,,Apodidae,,Apus nipalensis,
89,Aeronautes saxatalis,,Aeronautes,2,Aeronautes saxatalis,"(Woodhouse, 1853)",Aeronautes,2,178014,1,FALSE,0.8,0,,,,,Apodidae,,Aeronautes saxatalis,
90,Colibri thalassinus,,Colibri,2,Colibri thalassinus,"(Swainson, 1827)",Colibri,2,178084,1,FALSE,0.8,0,,,,,Trochilidae,,Colibri thalassinus,
91,Eugenes fulgens,,Eugenes,2,Eugenes fulgens,"(Swainson, 1827)",Eugenes,2,178050,1,FALSE,0.8,0,,,,,Trochilidae,,Eugenes fulgens,
92,Archilochus colubris,,Archilochus,2,Archilochus colubris,"(Linnaeus, 1758)",Archilochus,2,178032,1,FALSE,0.8,0,,,,,Trochilidae,,Archilochus colubris,
93,Archilochus alexandri,,Archilochus,2,Archilochus alexandri,"(Bourcier &amp; Mulsant, 1846)",Archilochus,2,178033,1,FALSE,0.8,0,,,,,Trochilidae,,Archilochus alexandri,
94,Calypte anna,,Calypte,2,Calypte anna,"(R. Lesson, 1829)",Calypte,2,178036,1,FALSE,0.8,0,,,,,Trochilidae,,Calypte anna,
95,Calypte costae,,Calypte,2,Calypte costae,"(Bourcier, 1839)",Calypte,2,178035,1,FALSE,0.8,0,,,,,Trochilidae,,Calypte costae,
96,Selasphorus calliope,,Selasphorus,2,Selasphorus calliope,"(Gould, 1847)",Selasphorus,2,1149434,1,FALSE,0.8,0,,,,,Trochilidae,,Selasphorus calliope,
97,Selasphorus rufus,,Selasphorus,2,Selasphorus rufus,"(J. F. Gmelin, 1788)",Selasphorus,2,178040,1,FALSE,0.8,0,,,,,Trochilidae,,Selasphorus rufus,
98,Selasphorus platycercus,,Selasphorus,2,Selasphorus platycercus,"(Swainson, 1827)",Selasphorus,2,178038,1,FALSE,0.8,0,,,,,Trochilidae,,Selasphorus platycercus,
99,Basilinna xantusii,,Basilinna,2,Basilinna xantusii,"(Lawrence, 1861)",Basilinna,2,693164,1,FALSE,0.8,0,,,,,Trochilidae,,Basilinna xantusii,
100,Rallus limicola,,Rallus,2,Rallus limicola,"Vieillot, 1819",Rallus,2,176221,1,FALSE,0.8,0,,,,,Rallidae,,Rallus limicola,
101,Porzana carolina,,Porzana,2,Porzana carolina,"(Linnaeus, 1758)",Porzana,2,176242,1,FALSE,0.8,0,,,,,Rallidae,,Porzana carolina,
102,Gallinula galeata,,Gallinula,2,Gallinula angulata,"Sundevall, 1850",Gallinula,2,176287,1,TRUE,0.6,4,,,,,Rallidae,,Gallinula angulata,
103,Fulica americana,,Fulica,2,Fulica americana,"Gmelin, 1789",Fulica,2,176292,1,FALSE,0.8,0,,,,,Rallidae,,Fulica americana,
104,Coturnicops noveboracensis,,Coturnicops,2,Coturnicops noveboracensis,"(Gmelin, 1789)",Coturnicops,2,176259,1,FALSE,0.8,0,,,,,Rallidae,,Coturnicops noveboracensis,
105,Anthropoides virgo,,Anthropoides,2,Anthropoides virgo,"(Linnaeus, 1758)",Anthropoides,2,176192,1,FALSE,0.8,0,,,,,Gruidae,,Anthropoides virgo,
106,Antigone canadensis,,Antigone,2,,,,,,1,TRUE,,,,,,,,,,No matching result
107,Grus grus,,Grus,2,Grus grus,"(Linnaeus, 1758)",Grus,2,176183,1,FALSE,0.8,0,,,,,Gruidae,,Grus grus,
108,Grus americana,,Grus,2,Grus americana,"(Linnaeus, 1758)",Grus,2,176176,1,FALSE,0.8,0,,,,,Gruidae,,Grus americana,
109,Himantopus mexicanus,,Himantopus,2,Himantopus mexicanus,"(Statius Muller, 1776)",Himantopus,2,176726,1,FALSE,0.8,0,,,,,Recurvirostridae,,Himantopus mexicanus,
110,Recurvirostra americana,,Recurvirostra,2,Recurvirostra americana,"Gmelin, 1789",Recurvirostra,2,176721,1,FALSE,0.8,0,,,,,Recurvirostridae,,Recurvirostra americana,
111,Haematopus bachmani,,Haematopus,2,Haematopus bachmani,"Audubon, 1838",Haematopus,2,176475,1,FALSE,0.8,0,,,,,Haematopodidae,,Haematopus bachmani,
112,Pluvialis squatarola,,Pluvialis,2,Pluvialis squatarola,"(Linnaeus, 1758)",Pluvialis,2,176567,1,FALSE,0.8,0,,,,,Charadriidae,,Pluvialis squatarola,
113,Pluvialis dominica,,Pluvialis,2,Pluvialis dominica,"(Statius Muller, 1776)",Pluvialis,2,176564,1,FALSE,0.8,0,,,,,Charadriidae,,Pluvialis dominica,
114,Pluvialis fulva,,Pluvialis,2,Pluvialis fulva,"(Gmelin, 1789)",Pluvialis,2,554381,1,FALSE,0.8,0,,,,,Charadriidae,,Pluvialis fulva,
115,Eudromias morinellus,,Eudromias,2,Eudromias morinellus,"(Linnaeus, 1758)",Eudromias,2,176545-176547,1,FALSE,0.8,0,,Charadrius morinellus,"Linnaeus, 1758",176545,Charadriidae,,Charadrius morinellus,
116,Charadrius vociferus,,Charadrius,2,Charadrius vociferus,"Linnaeus, 1758",Charadrius,2,176520,1,FALSE,0.8,0,,,,,Charadriidae,,Charadrius vociferus,
117,Charadrius hiaticula,,Charadrius,2,Charadrius hiaticula,"Linnaeus, 1758",Charadrius,2,176504,1,FALSE,0.8,0,,,,,Charadriidae,,Charadrius hiaticula,
118,Charadrius semipalmatus,,Charadrius,2,Charadrius semipalmatus,"Bonaparte, 1825",Charadrius,2,176506,1,FALSE,0.8,0,,,,,Charadriidae,,Charadrius semipalmatus,
119,Charadrius melodus,,Charadrius,2,Charadrius melodus,"Ord, 1824",Charadrius,2,176507,1,FALSE,0.8,0,,,,,Charadriidae,,Charadrius melodus,
120,Anarhynchus mongolus,,Anarhynchus,2,Anarhynchus frontalis,"Quoy &amp; Gaimard, 1830",Anarhynchus,2,176551,1,TRUE,0.55,5,,,,,Charadriidae,,Anarhynchus frontalis,
121,Anarhynchus montanus,,Anarhynchus,2,Anarhynchus frontalis,"Quoy &amp; Gaimard, 1830",Anarhynchus,2,176551,1,TRUE,0.6,4,,,,,Charadriidae,,Anarhynchus frontalis,
122,Anarhynchus nivosus,,Anarhynchus,2,Anarhynchus frontalis,"Quoy &amp; Gaimard, 1830",Anarhynchus,2,176551,1,TRUE,0.4,8,,,,,Charadriidae,,Anarhynchus frontalis,
123,Bartramia longicauda,,Bartramia,2,Bartramia longicauda,"(Bechstein, 1812)",Bartramia,2,176610,1,FALSE,0.8,0,,,,,Scolopacidae,,Bartramia longicauda,
124,Numenius tahitiensis,,Numenius,2,Numenius tahitiensis,"(Gmelin, 1789)",Numenius,2,176604,1,FALSE,0.8,0,,,,,Scolopacidae,,Numenius tahitiensis,
125,Numenius phaeopus,,Numenius,2,Numenius phaeopus,"(Linnaeus, 1758)",Numenius,2,176599,1,FALSE,0.8,0,,,,,Scolopacidae,,Numenius phaeopus,
126,Numenius americanus,,Numenius,2,Numenius americanus,"Bechstein, 1812",Numenius,2,176593,1,FALSE,0.8,0,,,,,Scolopacidae,,Numenius americanus,
127,Numenius madagascariensis,,Numenius,2,Numenius madagascariensis,"(Linnaeus, 1766)",Numenius,2,176598,1,FALSE,0.8,0,,,,,Scolopacidae,,Numenius madagascariensis,
128,Limosa lapponica,,Limosa,2,Limosa lapponica,"(Linnaeus, 1758)",Limosa,2,176687,1,FALSE,0.8,0,,,,,Scolopacidae,,Limosa lapponica,
129,Limosa limosa,,Limosa,2,Limosa limosa,"(Linnaeus, 1758)",Limosa,2,176691,1,FALSE,0.8,0,,,,,Scolopacidae,,Limosa limosa,
130,Limosa haemastica,,Limosa,2,Limosa haemastica,"(Linnaeus, 1758)",Limosa,2,176690,1,FALSE,0.8,0,,,,,Scolopacidae,,Limosa haemastica,
131,Limosa fedoa,,Limosa,2,Limosa fedoa,"(Linnaeus, 1758)",Limosa,2,176686,1,FALSE,0.8,0,,,,,Scolopacidae,,Limosa fedoa,
132,Limnodromus griseus,,Limnodromus,2,Limnodromus griseus,"(Gmelin, 1789)",Limnodromus,2,176675,1,FALSE,0.8,0,,,,,Scolopacidae,,Limnodromus griseus,
133,Limnodromus scolopaceus,,Limnodromus,2,Limnodromus scolopaceus,"(Say, 1822)",Limnodromus,2,176679,1,FALSE,0.8,0,,,,,Scolopacidae,,Limnodromus scolopaceus,
134,Lymnocryptes minimus,,Lymnocryptes,2,Lymnocryptes minimus,"(Brunnich, 1764)",Lymnocryptes,2,176591,1,FALSE,0.8,0,,,,,Scolopacidae,,Lymnocryptes minimus,
135,Scolopax minor,,Scolopax,2,Scolopax minor,"Gmelin, 1789",Scolopax,2,176580,1,FALSE,0.8,0,,,,,Scolopacidae,,Scolopax minor,
136,Gallinago delicata,,Gallinago,2,Gallinago delicata,"(Ord, 1825)",Gallinago,2,726048,1,FALSE,0.8,0,,,,,Scolopacidae,,Gallinago delicata,
137,Phalaropus tricolor,,Phalaropus,2,Phalaropus tricolor,"(Vieillot, 1819)",Phalaropus,2,176736,1,FALSE,0.8,0,,,,,Scolopacidae,,Phalaropus tricolor,
138,Phalaropus fulicarius,,Phalaropus,2,Phalaropus fulicarius,"(Linnaeus, 1758)",Phalaropus,2,176734,1,FALSE,0.8,0,,,,,Scolopacidae,,Phalaropus fulicarius,
139,Phalaropus lobatus,,Phalaropus,2,Phalaropus lobatus,"(Linnaeus, 1758)",Phalaropus,2,176735,1,FALSE,0.8,0,,,,,Scolopacidae,,Phalaropus lobatus,
140,Xenus cinereus,,Xenus,2,Xenus cinereus,"(Guldenstadt, 1775)",Xenus,2,176718,1,FALSE,0.8,0,,,,,Scolopacidae,,Xenus cinereus,
141,Actitis macularius,,Actitis,2,Actitis macularius,"(Linnaeus, 1766)",Actitis,2,726049,1,FALSE,0.8,0,,,,,Scolopacidae,,Actitis macularius,
142,Tringa solitaria,,Tringa,2,Tringa solitaria,"A. Wilson, 1813",Tringa,2,176615,1,FALSE,0.8,0,,,,,Scolopacidae,,Tringa solitaria,
143,Tringa brevipes,,Tringa,2,Tringa brevipes,"(Vieillot, 1816)",Tringa,2,176626,1,FALSE,0.8,0,,,,,Scolopacidae,,Tringa brevipes,
144,Tringa incana,,Tringa,2,Tringa incana,"(Gmelin, 1789)",Tringa,2,176630,1,FALSE,0.8,0,,,,,Scolopacidae,,Tringa incana,
145,Tringa glareola,,Tringa,2,Tringa glareola,"Linnaeus, 1758",Tringa,2,176618,1,FALSE,0.8,0,,,,,Scolopacidae,,Tringa glareola,
146,Tringa flavipes,,Tringa,2,Tringa flavipes,"(Gmelin, 1789)",Tringa,2,176620,1,FALSE,0.8,0,,,,,Scolopacidae,,Tringa flavipes,
147,Tringa semipalmata,,Tringa,2,Tringa semipalmata,"(Gmelin, 1789)",Tringa,2,824147,1,FALSE,0.8,0,,,,,Scolopacidae,,Tringa semipalmata,
148,Tringa erythropus,,Tringa,2,Tringa erythropus,"(Pallas, 1764)",Tringa,2,176621,1,FALSE,0.8,0,,,,,Scolopacidae,,Tringa erythropus,
149,Tringa nebularia,,Tringa,2,Tringa nebularia,"(Gunnerus, 1767)",Tringa,2,176624,1,FALSE,0.8,0,,,,,Scolopacidae,,Tringa nebularia,
150,Tringa melanoleuca,,Tringa,2,Tringa melanoleuca,"(Gmelin, 1789)",Tringa,2,176619,1,FALSE,0.8,0,,,,,Scolopacidae,,Tringa melanoleuca,
151,Arenaria interpres,,Arenaria,2,Arenaria interpres,"(Linnaeus, 1758)",Arenaria,2,176571,1,FALSE,0.8,0,,,,,Scolopacidae,,Arenaria interpres,
152,Arenaria melanocephala,,Arenaria,2,Arenaria melanocephala,"(Vigors, 1829)",Arenaria,2,176574,1,FALSE,0.8,0,,,,,Scolopacidae,,Arenaria melanocephala,
153,Calidris tenuirostris,,Calidris,2,Calidris tenuirostris,"(Horsfield, 1821)",Calidris,2,176645,1,FALSE,0.8,0,,,,,Scolopacidae,,Calidris tenuirostris,
154,Calidris canutus,,Calidris,2,Calidris canutus,"(Linnaeus, 1758)",Calidris,2,176642,1,FALSE,0.8,0,,,,,Scolopacidae,,Calidris canutus,
155,Calidris virgata,,Calidris,2,Calidris minuta,"(Leisler, 1812)",Calidris,2,176670,1,TRUE,0.6,4,,,,,Scolopacidae,,Calidris minuta,
156,Calidris pugnax,,Calidris,2,Calidris pusilla,"(Linnaeus, 1766)",Calidris,2,176667,1,TRUE,0.55,5,,,,,Scolopacidae,,Calidris pusilla,Multiple results
157,Calidris acuminata,,Calidris,2,Calidris acuminata,"(Horsfield, 1821)",Calidris,2,176652,1,FALSE,0.8,0,,,,,Scolopacidae,,Calidris acuminata,
158,Calidris ferruginea,,Calidris,2,Calidris ferruginea,"(Pontoppidan, 1763)",Calidris,2,176660,1,FALSE,0.8,0,,,,,Scolopacidae,,Calidris ferruginea,
159,Calidris himantopus,,Calidris,2,Calidris himantopus,"(Bonaparte, 1826)",Calidris,2,554145,1,FALSE,0.8,0,,,,,Scolopacidae,,Calidris himantopus,
160,Calidris temminckii,,Calidris,2,Calidris temminckii,"(Leisler, 1812)",Calidris,2,176658,1,FALSE,0.8,0,,,,,Scolopacidae,,Calidris temminckii,
161,Calidris ruficollis,,Calidris,2,Calidris ruficollis,"(Pallas, 1776)",Calidris,2,176659,1,FALSE,0.8,0,,,,,Scolopacidae,,Calidris ruficollis,
162,Calidris pygmaea,,Calidris,2,Calidris pusilla,"(Linnaeus, 1766)",Calidris,2,176667,1,TRUE,0.55,5,,,,,Scolopacidae,,Calidris pusilla,
163,Calidris subruficollis,,Calidris,2,Calidris ruficollis,"(Pallas, 1776)",Calidris,2,176659,1,TRUE,0.65,3,,,,,Scolopacidae,,Calidris ruficollis,
164,Calidris alba,,Calidris,2,Calidris alba,"(Pallas, 1764)",Calidris,2,176669,1,FALSE,0.8,0,,,,,Scolopacidae,,Calidris alba,
165,Calidris alpina,,Calidris,2,Calidris alpina,"(Linnaeus, 1758)",Calidris,2,176661,1,FALSE,0.8,0,,,,,Scolopacidae,,Calidris alpina,
166,Calidris maritima,,Calidris,2,Calidris maritima,"(Brunnich, 1764)",Calidris,2,176646,1,FALSE,0.8,0,,,,,Scolopacidae,,Calidris maritima,
167,Calidris ptilocnemis,,Calidris,2,Calidris ptilocnemis,"(Coues, 1873)",Calidris,2,176647,1,FALSE,0.8,0,,,,,Scolopacidae,,Calidris ptilocnemis,
168,Calidris bairdii,,Calidris,2,Calidris bairdii,"(Coues, 1861)",Calidris,2,176655,1,FALSE,0.8,0,,,,,Scolopacidae,,Calidris bairdii,
169,Calidris minuta,,Calidris,2,Calidris minuta,"(Leisler, 1812)",Calidris,2,176670,1,FALSE,0.8,0,,,,,Scolopacidae,,Calidris minuta,
170,Calidris fuscicollis,,Calidris,2,Calidris fuscicollis,"(Vieillot, 1819)",Calidris,2,176654,1,FALSE,0.8,0,,,,,Scolopacidae,,Calidris fuscicollis,
171,Calidris minutilla,,Calidris,2,Calidris minutilla,"(Vieillot, 1819)",Calidris,2,176656,1,FALSE,0.8,0,,,,,Scolopacidae,,Calidris minutilla,
172,Calidris melanotos,,Calidris,2,Calidris melanotos,"(Vieillot, 1819)",Calidris,2,176653,1,FALSE,0.8,0,,,,,Scolopacidae,,Calidris melanotos,
173,Calidris mauri,,Calidris,2,Calidris mauri,"(Cabanis, 1857)",Calidris,2,176668,1,FALSE,0.8,0,,,,,Scolopacidae,,Calidris mauri,
174,Calidris pusilla,,Calidris,2,Calidris pusilla,"(Linnaeus, 1766)",Calidris,2,176667,1,FALSE,0.8,0,,,,,Scolopacidae,,Calidris pusilla,
175,Stercorarius longicaudus,,Stercorarius,2,Stercorarius longicaudus,"Vieillot, 1819",Stercorarius,2,176794,1,FALSE,0.8,0,,,,,Stercorariidae,,Stercorarius longicaudus,
176,Stercorarius parasiticus,,Stercorarius,2,Stercorarius parasiticus,"(Linnaeus, 1758)",Stercorarius,2,176793,1,FALSE,0.8,0,,,,,Stercorariidae,,Stercorarius parasiticus,
177,Stercorarius pomarinus,,Stercorarius,2,Stercorarius pomarinus,"(Temminck, 1815)",Stercorarius,2,176792,1,FALSE,0.8,0,,,,,Stercorariidae,,Stercorarius pomarinus,
178,Stercorarius maccormicki,,Stercorarius,2,Stercorarius maccormicki,"H. Saunders, 1893",Stercorarius,2,660062,1,FALSE,0.8,0,,,,,Stercorariidae,,Stercorarius maccormicki,
179,Cerorhinca monocerata,,Cerorhinca,2,Cerorhinca monocerata,"(Pallas, 1811)",Cerorhinca,2,177023,1,FALSE,0.8,0,,,,,Alcidae,,Cerorhinca monocerata,
180,Fratercula cirrhata,,Fratercula,2,Fratercula cirrhata,"(Pallas, 1769)",Fratercula,2,177032,1,FALSE,0.8,0,,,,,Alcidae,,Fratercula cirrhata,
181,Fratercula corniculata,,Fratercula,2,Fratercula corniculata,"(J. F. Naumann, 1821)",Fratercula,2,177029,1,FALSE,0.8,0,,,,,Alcidae,,Fratercula corniculata,
182,Ptychoramphus aleuticus,,Ptychoramphus,2,Ptychoramphus aleuticus,"(Pallas, 1811)",Ptychoramphus,2,177013,1,FALSE,0.8,0,,,,,Alcidae,,Ptychoramphus aleuticus,
183,Aethia pusilla,,Aethia,2,Aethia pusilla,"(Pallas, 1811)",Aethia,2,177020,1,FALSE,0.8,0,,,,,Alcidae,,Aethia pusilla,
184,Aethia cristatella,,Aethia,2,Aethia cristatella,"(Pallas, 1769)",Aethia,2,177019,1,FALSE,0.8,0,,,,,Alcidae,,Aethia cristatella,
185,Aethia psittacula,,Aethia,2,Aethia psittacula,"(Pallas, 1769)",Aethia,2,554029,1,FALSE,0.8,0,,,,,Alcidae,,Aethia psittacula,
186,Brachyramphus brevirostris,,Brachyramphus,2,Brachyramphus brevirostris,"(Vigors, 1829)",Brachyramphus,2,176998,1,FALSE,0.8,0,,,,,Alcidae,,Brachyramphus brevirostris,
187,Brachyramphus marmoratus,,Brachyramphus,2,Brachyramphus marmoratus,"(Gmelin, 1789)",Brachyramphus,2,176996,1,FALSE,0.8,0,,,,,Alcidae,,Brachyramphus marmoratus,
188,Cepphus columba,,Cepphus,2,Cepphus columba,"Pallas, 1811",Cepphus,2,176991,1,FALSE,0.8,0,,,,,Alcidae,,Cepphus columba,
189,Alle alle,,Alle,2,Alle alle,"(Linnaeus, 1758)",Alle,2,176982,1,FALSE,0.8,0,,,,,Alcidae,,Alle alle,
190,Uria lomvia,,Uria,2,Uria lomvia,"(Linnaeus, 1758)",Uria,2,176978,1,FALSE,0.8,0,,,,,Alcidae,,Uria lomvia,
191,Uria aalge,,Uria,2,Uria aalge,"(Pontoppidan, 1763)",Uria,2,176974,1,FALSE,0.8,0,,,,,Alcidae,,Uria aalge,
192,Synthliboramphus antiquus,,Synthliboramphus,2,Synthliboramphus antiquus,"(Gmelin, 1789)",Synthliboramphus,2,177008,1,FALSE,0.8,0,,,,,Alcidae,,Synthliboramphus antiquus,
193,Synthliboramphus scrippsi,,Synthliboramphus,2,Synthliboramphus craveri,"(Salvadori, 1865)",Synthliboramphus,2,177010,1,TRUE,0.55,5,,,,,Alcidae,,Synthliboramphus craveri,
194,Synthliboramphus hypoleucus,,Synthliboramphus,2,Synthliboramphus hypoleucus,"(Xantus de Vesey, 1860)",Synthliboramphus,2,177011,1,FALSE,0.8,0,,,,,Alcidae,,Synthliboramphus hypoleucus,
195,Hydrocoloeus minutus,,Hydrocoloeus,2,Hydrocoloeus minutus,"(Pallas, 1776)",Hydrocoloeus,2,824065,1,FALSE,0.8,0,,,,,Laridae,,Hydrocoloeus minutus,
196,Rhodostethia rosea,,Rhodostethia,2,Rhodostethia rosea,"(MacGillivray, 1824)",Rhodostethia,2,176864,1,FALSE,0.8,0,,,,,Laridae,,Rhodostethia rosea,
197,Rissa tridactyla,,Rissa,2,Rissa tridactyla,"(Linnaeus, 1758)",Rissa,2,176875,1,FALSE,0.8,0,,,,,Laridae,,Rissa tridactyla,
198,Rissa brevirostris,,Rissa,2,Rissa brevirostris,"(Bruch, 1853)",Rissa,2,176845,1,FALSE,0.8,0,,,,,Laridae,,Rissa brevirostris,
199,Pagophila eburnea,,Pagophila,2,Pagophila eburnea,"(Phipps, 1774)",Pagophila,2,176851,1,FALSE,0.8,0,,,,,Laridae,,Pagophila eburnea,
200,Xema sabini,,Xema,2,Xema sabini,"(Sabine, 1819)",Xema,2,176866,1,FALSE,0.8,0,,,,,Laridae,,Xema sabini,
201,Chroicocephalus philadelphia,,Chroicocephalus,2,Chroicocephalus philadelphia,"(Ord, 1815)",Chroicocephalus,2,824040,1,FALSE,0.8,0,,,,,Laridae,,Chroicocephalus philadelphia,
202,Chroicocephalus ridibundus,,Chroicocephalus,2,Chroicocephalus ridibundus,"(Linnaeus, 1766)",Chroicocephalus,2,824041,1,FALSE,0.8,0,,,,,Laridae,,Chroicocephalus ridibundus,
203,Leucophaeus atricilla,,Leucophaeus,2,Leucophaeus atricilla,"(Linnaeus, 1758)",Leucophaeus,2,824079,1,FALSE,0.8,0,,,,,Laridae,,Leucophaeus atricilla,
204,Leucophaeus pipixcan,,Leucophaeus,2,Leucophaeus pipixcan,"(Wagler, 1831)",Leucophaeus,2,824082,1,FALSE,0.8,0,,,,,Laridae,,Leucophaeus pipixcan,
205,Larus crassirostris,,Larus,2,Larus crassirostris,"Vieillot, 1818",Larus,2,176831,1,FALSE,0.8,0,,,,,Laridae,,Larus crassirostris,
206,Larus heermanni,,Larus,2,Larus heermanni,"Cassin, 1852",Larus,2,176841,1,FALSE,0.8,0,,,,,Laridae,,Larus heermanni,
207,Larus canus,,Larus,2,Larus canus,"Linnaeus, 1758",Larus,2,176832,1,FALSE,0.8,0,,,,,Laridae,,Larus canus,
208,Larus brachyrhynchus,,Larus,2,Larus ichthyaetus,"Pallas, 1773",Larus,2,824068-176855,1,TRUE,0.4,8,,Ichthyaetus ichthyaetus,"(Pallas, 1773)",824068,Laridae,,Ichthyaetus ichthyaetus,
209,Larus delawarensis,,Larus,2,Larus delawarensis,"Ord, 1815",Larus,2,176830,1,FALSE,0.8,0,,,,,Laridae,,Larus delawarensis,
210,Larus occidentalis,,Larus,2,Larus occidentalis,"Audubon, 1839",Larus,2,176817,1,FALSE,0.8,0,,,,,Laridae,,Larus occidentalis,
211,Larus smithsonianus,,Larus,2,Larus smithsonianus,"Coues, 1862",Larus,2,824077,1,FALSE,0.8,0,,,,,Laridae,,Larus smithsonianus,
212,Larus vegae,,Larus,2,Larus vegae,"Palmen, 1887",Larus,2,824078,1,FALSE,0.8,0,,,,,Laridae,,Larus vegae,
213,Larus marinus,,Larus,2,Larus marinus,"Linnaeus, 1758",Larus,2,176815,1,FALSE,0.8,0,,,,,Laridae,,Larus marinus,
214,Larus hyperboreus,,Larus,2,Larus hyperboreus,"Gunnerus, 1767",Larus,2,176808,1,FALSE,0.8,0,,,,,Laridae,,Larus hyperboreus,
215,Larus fuscus,,Larus,2,Larus fuscus,"Linnaeus, 1758",Larus,2,176821,1,FALSE,0.8,0,,,,,Laridae,,Larus fuscus,
216,Larus californicus,,Larus,2,Larus californicus,"Lawrence, 1854",Larus,2,176829,1,FALSE,0.8,0,,,,,Laridae,,Larus californicus,
217,Larus glaucescens,,Larus,2,Larus glaucescens,"J. F. Naumann, 1840",Larus,2,176814,1,FALSE,0.8,0,,,,,Laridae,,Larus glaucescens,
218,Larus schistisagus,,Larus,2,Larus schistisagus,"Stejneger, 1884",Larus,2,176816,1,FALSE,0.8,0,,,,,Laridae,,Larus schistisagus,
219,Larus glaucoides,,Larus,2,Larus glaucoides,"B. Meyer, 1822",Larus,2,176811,1,FALSE,0.8,0,,,,,Laridae,,Larus glaucoides,
220,Sternula antillarum,,Sternula,2,Sternula antillarum,"Lesson, 1847",Sternula,2,824127,1,FALSE,0.8,0,,,,,Laridae,,Sternula antillarum,
221,Hydroprogne caspia,,Hydroprogne,2,Hydroprogne caspia,"(Pallas, 1770)",Hydroprogne,2,176935,1,FALSE,0.8,0,,,,,Laridae,,Hydroprogne caspia,
222,Chlidonias niger,,Chlidonias,2,Chlidonias niger,"(Linnaeus, 1758)",Chlidonias,2,176959,1,FALSE,0.8,0,,,,,Laridae,,Chlidonias niger,
223,Sterna forsteri,,Sterna,2,Sterna forsteri,"Nuttall, 1834",Sterna,2,176887,1,FALSE,0.8,0,,,,,Laridae,,Sterna forsteri,
224,Sterna paradisaea,,Sterna,2,Sterna paradisaea,"Pontoppidan, 1763",Sterna,2,176890,1,FALSE,0.8,0,,,,,Laridae,,Sterna paradisaea,
225,Sterna hirundo,,Sterna,2,Sterna hirundo,"Linnaeus, 1758",Sterna,2,176888,1,FALSE,0.8,0,,,,,Laridae,,Sterna hirundo,
226,Thalasseus elegans,,Thalasseus,2,Thalasseus elegans,"(Gambel, 1849)",Thalasseus,2,176931,1,FALSE,0.8,0,,,,,Laridae,,Thalasseus elegans,
227,Podilymbus podiceps,,Podilymbus,2,Podilymbus podiceps,"(Linnaeus, 1758)",Podilymbus,2,174505,1,FALSE,0.8,0,,,,,Podicipedidae,,Podilymbus podiceps,
228,Podiceps auritus,,Podiceps,2,Podiceps auritus,"(Linnaeus, 1758)",Podiceps,2,174482,1,FALSE,0.8,0,,,,,Podicipedidae,,Podiceps auritus,
229,Podiceps grisegena,,Podiceps,2,Podiceps grisegena,"(Boddaert, 1783)",Podiceps,2,174479,1,FALSE,0.8,0,,,,,Podicipedidae,,Podiceps grisegena,
230,Podiceps nigricollis,,Podiceps,2,Podiceps nigricollis,"C. L. Brehm, 1831",Podiceps,2,174485,1,FALSE,0.8,0,,,,,Podicipedidae,,Podiceps nigricollis,
231,Aechmophorus occidentalis,,Aechmophorus,2,Aechmophorus occidentalis,"(Lawrence, 1858)",Aechmophorus,2,174503,1,FALSE,0.8,0,,,,,Podicipedidae,,Aechmophorus occidentalis,
232,Aechmophorus clarkii,,Aechmophorus,2,Aechmophorus clarkii,"(Lawrence, 1858)",Aechmophorus,2,554027,1,FALSE,0.8,0,,,,,Podicipedidae,,Aechmophorus clarkii,
233,Phaethon rubricauda,,Phaethon,2,Phaethon rubricauda,"Boddaert, 1783",Phaethon,2,174679,1,FALSE,0.8,0,,,,,Phaethontidae,,Phaethon rubricauda,
234,Gavia stellata,,Gavia,2,Gavia stellata,"(Pontoppidan, 1763)",Gavia,2,174474,1,FALSE,0.8,0,,,,,Gaviidae,,Gavia stellata,
235,Gavia arctica,,Gavia,2,Gavia arctica,"(Linnaeus, 1758)",Gavia,2,174471,1,FALSE,0.8,0,,,,,Gaviidae,,Gavia arctica,
236,Gavia pacifica,,Gavia,2,Gavia pacifica,"(Lawrence, 1858)",Gavia,2,174475,1,FALSE,0.8,0,,,,,Gaviidae,,Gavia pacifica,
237,Gavia immer,,Gavia,2,Gavia immer,"(Brunnich, 1764)",Gavia,2,174469,1,FALSE,0.8,0,,,,,Gaviidae,,Gavia immer,
238,Gavia adamsii,,Gavia,2,Gavia adamsii,"(G. R. Gray, 1859)",Gavia,2,174470,1,FALSE,0.8,0,,,,,Gaviidae,,Gavia adamsii,
239,Phoebastria immutabilis,,Phoebastria,2,Phoebastria immutabilis,"(Rothschild, 1893)",Phoebastria,2,554378,1,FALSE,0.8,0,,,,,Diomedeidae,,Phoebastria immutabilis,
240,Phoebastria nigripes,,Phoebastria,2,Phoebastria nigripes,"(Audubon, 1839)",Phoebastria,2,554379,1,FALSE,0.8,0,,,,,Diomedeidae,,Phoebastria nigripes,
241,Phoebastria albatrus,,Phoebastria,2,Phoebastria albatrus,"(Pallas, 1769)",Phoebastria,2,554377,1,FALSE,0.8,0,,,,,Diomedeidae,,Phoebastria albatrus,
242,Hydrobates furcatus,,Hydrobates,2,Hydrobates pelagicus,"(Linnaeus, 1758)",Hydrobates,2,174663,1,TRUE,0.45,7,,,,,Hydrobatidae,,Hydrobates pelagicus,
243,Hydrobates leucorhous,,Hydrobates,2,Hydrobates pelagicus,"(Linnaeus, 1758)",Hydrobates,2,174663,1,TRUE,0.45,7,,,,,Hydrobatidae,,Hydrobates pelagicus,
244,Fulmarus glacialis,,Fulmarus,2,Fulmarus glacialis,"(Linnaeus, 1761)",Fulmarus,2,174536,1,FALSE,0.8,0,,,,,Procellariidae,,Fulmarus glacialis,
245,Pterodroma ultima,,Pterodroma,2,Pterodroma ultima,"Murphy, 1949",Pterodroma,2,174592,1,FALSE,0.8,0,,,,,Procellariidae,,Pterodroma ultima,
246,Pterodroma inexpectata,,Pterodroma,2,Pterodroma inexpectata,"(J. R. Forster, 1844)",Pterodroma,2,174569,1,FALSE,0.8,0,,,,,Procellariidae,,Pterodroma inexpectata,
247,Pterodroma sandwichensis,,Pterodroma,2,Pterodroma sandwichensis,"(Ridgway, 1884)",Pterodroma,2,562561,1,FALSE,0.8,0,,,,,Procellariidae,,Pterodroma sandwichensis,
248,Pterodroma cookii,,Pterodroma,2,Pterodroma cookii,"(G. R. Gray, 1843)",Pterodroma,2,554395,1,FALSE,0.8,0,,,,,Procellariidae,,Pterodroma cookii,
249,Ardenna creatopus,,Ardenna,2,,,,,,1,TRUE,,,,,,,,,,No matching result
250,Ardenna carneipes,,Ardenna,2,,,,,,1,TRUE,,,,,,,,,,No matching result
251,Ardenna gravis,,Ardenna,2,,,,,,1,TRUE,,,,,,,,,,No matching result
252,Ardenna bulleri,,Ardenna,2,,,,,,1,TRUE,,,,,,,,,,No matching result
253,Ardenna grisea,,Ardenna,2,,,,,,1,TRUE,,,,,,,,,,No matching result
254,Ardenna tenuirostris,,Ardenna,2,,,,,,1,TRUE,,,,,,,,,,No matching result
255,Puffinus puffinus,,Puffinus,2,Puffinus puffinus,"(Brunnich, 1764)",Puffinus,2,174555,1,FALSE,0.8,0,,,,,Procellariidae,,Puffinus puffinus,
256,Puffinus opisthomelas,,Puffinus,2,Puffinus opisthomelas,"Coues, 1864",Puffinus,2,554396,1,FALSE,0.8,0,,,,,Procellariidae,,Puffinus opisthomelas,
257,Mycteria americana,,Mycteria,2,Mycteria americana,"Linnaeus, 1758",Mycteria,2,174897,1,FALSE,0.8,0,,,,,Ciconiidae,,Mycteria americana,
258,Fregata magnificens,,Fregata,2,Fregata magnificens,"Mathews, 1914",Fregata,2,174763,1,FALSE,0.8,0,,,,,Fregatidae,,Fregata magnificens,
259,Sula sula,,Sula,2,Sula sula,"(Linnaeus, 1766)",Sula,2,174707,1,FALSE,0.8,0,,,,,Sulidae,,Sula sula,
260,Sula brewsteri,,Sula,2,Sula granti,"Rothschild, 1902",Sula,2,726047,1,TRUE,0.5,6,,,,,Sulidae,,Sula granti,
261,Sula dactylatra,,Sula,2,Sula dactylatra,"Lesson, 1831",Sula,2,174699,1,FALSE,0.8,0,,,,,Sulidae,,Sula dactylatra,
262,Sula granti,,Sula,2,Sula granti,"Rothschild, 1902",Sula,2,726047,1,FALSE,0.8,0,,,,,Sulidae,,Sula granti,
263,Sula nebouxii,,Sula,2,Sula nebouxii,"Milne-Edwards, 1882",Sula,2,174702,1,FALSE,0.8,0,,,,,Sulidae,,Sula nebouxii,
264,Urile penicillatus,,Urile,2,,,,,,1,TRUE,,,,,,,,,,No matching result
265,Urile urile,,Urile,2,,,,,,1,TRUE,,,,,,,,,,No matching result
266,Urile pelagicus,,Urile,2,,,,,,1,TRUE,,,,,,,,,,No matching result
267,Nannopterum auritum,,Nannopterum,2,,,,,,1,TRUE,,,,,,,,,,No matching result
268,Plegadis chihi,,Plegadis,2,Plegadis chihi,"(Vieillot, 1817)",Plegadis,2,174926,1,FALSE,0.8,0,,,,,Threskiornithidae,,Plegadis chihi,
269,Pelecanus erythrorhynchos,,Pelecanus,2,Pelecanus erythrorhynchos,"Gmelin, 1789",Pelecanus,2,174684,1,FALSE,0.8,0,,,,,Pelecanidae,,Pelecanus erythrorhynchos,
270,Pelecanus occidentalis,,Pelecanus,2,Pelecanus occidentalis,"Linnaeus, 1766",Pelecanus,2,174685,1,FALSE,0.8,0,,,,,Pelecanidae,,Pelecanus occidentalis,
271,Botaurus lentiginosus,,Botaurus,2,Botaurus lentiginosus,"(Rackett, 1813)",Botaurus,2,174856,1,FALSE,0.8,0,,,,,Ardeidae,,Botaurus lentiginosus,
272,Botaurus exilis,,Botaurus,2,Botaurus stellaris,"(Linnaeus, 1758)",Botaurus,2,174859,1,TRUE,0.5,6,,,,,Ardeidae,,Botaurus stellaris,
273,Nycticorax nycticorax,,Nycticorax,2,Nycticorax nycticorax,"(Linnaeus, 1758)",Nycticorax,2,174832,1,FALSE,0.8,0,,,,,Ardeidae,,Nycticorax nycticorax,
274,Egretta caerulea,,Egretta,2,Egretta caerulea,"(Linnaeus, 1758)",Egretta,2,174827,1,FALSE,0.8,0,,,,,Ardeidae,,Egretta caerulea,
275,Egretta tricolor,,Egretta,2,Egretta tricolor,"(Statius Muller, 1776)",Egretta,2,174826,1,FALSE,0.8,0,,,,,Ardeidae,,Egretta tricolor,
276,Egretta thula,,Egretta,2,Egretta thula,"(Molina, 1782)",Egretta,2,174813,1,FALSE,0.8,0,,,,,Ardeidae,,Egretta thula,
277,Butorides virescens,,Butorides,2,Butorides virescens,"(Linnaeus, 1758)",Butorides,2,174793,1,FALSE,0.8,0,,,,,Ardeidae,,Butorides virescens,
278,Ardea ibis,,Ardea,2,Ardea alba,"Linnaeus, 1758",Ardea,2,554135,1,TRUE,0.6,4,,,,,Ardeidae,,Ardea alba,Multiple results
279,Ardea alba,,Ardea,2,Ardea alba,"Linnaeus, 1758",Ardea,2,554135,1,FALSE,0.8,0,,,,,Ardeidae,,Ardea alba,
280,Ardea herodias,,Ardea,2,Ardea herodias,"Linnaeus, 1758",Ardea,2,174773,1,FALSE,0.8,0,,,,,Ardeidae,,Ardea herodias,
281,Gymnogyps californianus,,Gymnogyps,2,Gymnogyps californianus,"(Shaw, 1797)",Gymnogyps,2,175274,1,FALSE,0.8,0,,,,,Cathartidae,,Gymnogyps californianus,
282,Coragyps atratus,,Coragyps,2,Coragyps atratus,"(Bechstein, 1793)",Coragyps,2,175272,1,FALSE,0.8,0,,,,,Cathartidae,,Coragyps atratus,
283,Cathartes aura,,Cathartes,2,Cathartes aura,"(Linnaeus, 1758)",Cathartes,2,175265,1,FALSE,0.8,0,,,,,Cathartidae,,Cathartes aura,
284,Pandion haliaetus,,Pandion,2,Pandion haliaetus,"(Linnaeus, 1758)",Pandion,2,175590,1,FALSE,0.8,0,,,,,Pandionidae,,Pandion haliaetus,
285,Elanus leucurus,,Elanus,2,Elanus leucurus,"(Vieillot, 1818)",Elanus,2,175282,1,FALSE,0.8,0,,,,,Accipitridae,,Elanus leucurus,
286,Aquila chrysaetos,,Aquila,2,Aquila chrysaetos,"(Linnaeus, 1758)",Aquila,2,175407,1,FALSE,0.8,0,,,,,Accipitridae,,Aquila chrysaetos,
287,Accipiter striatus,,Accipiter,2,Accipiter striatus,"Vieillot, 1808",Accipiter,2,175304,1,FALSE,0.8,0,,,,,Accipitridae,,Accipiter striatus,
288,Astur cooperii,,Astur,2,Otus cooperi,"(Ridgway, 1878)",Otus,2,686661-1063362,1,TRUE,0.6,4,,Megascops cooperi,"(Ridgway, 1878)",686661,Strigidae,,Megascops cooperi,
289,Astur atricapillus,,Astur,2,Otus atricapillus,"(Temminck, 1822)",Otus,2,686676-555397,1,TRUE,0.65,3,,Megascops atricapilla,"(Temminck, 1822)",686676,Strigidae,,Megascops atricapilla,
290,Circus hudsonius,,Circus,2,Circus buffoni,"(Gmelin, 1788)",Circus,2,175434,1,TRUE,0.55,5,,,,,Accipitridae,,Circus buffoni,
291,Haliaeetus leucocephalus,,Haliaeetus,2,Haliaeetus leucocephalus,"(Linnaeus, 1766)",Haliaeetus,2,175420,1,FALSE,0.8,0,,,,,Accipitridae,,Haliaeetus leucocephalus,
292,Ictinia mississippiensis,,Ictinia,2,Ictinia mississippiensis,"(A. Wilson, 1811)",Ictinia,2,554268,1,FALSE,0.8,0,,,,,Accipitridae,,Ictinia mississippiensis,
293,Buteo platypterus,,Buteo,2,Buteo platypterus,"(Vieillot, 1823)",Buteo,2,175365,1,FALSE,0.8,0,,,,,Accipitridae,,Buteo platypterus,
294,Buteo lineatus,,Buteo,2,Buteo lineatus,"(Gmelin, 1788)",Buteo,2,175359,1,FALSE,0.8,0,,,,,Accipitridae,,Buteo lineatus,
295,Buteo swainsoni,,Buteo,2,Buteo swainsoni,"Bonaparte, 1838",Buteo,2,175367,1,FALSE,0.8,0,,,,,Accipitridae,,Buteo swainsoni,
296,Buteo jamaicensis,,Buteo,2,Buteo jamaicensis,"(Gmelin, 1788)",Buteo,2,175350,1,FALSE,0.8,0,,,,,Accipitridae,,Buteo jamaicensis,
297,Buteo lagopus,,Buteo,2,Buteo lagopus,"(Pontoppidan, 1763)",Buteo,2,175373,1,FALSE,0.8,0,,,,,Accipitridae,,Buteo lagopus,
298,Buteo regalis,,Buteo,2,Buteo regalis,"(G. R. Gray, 1844)",Buteo,2,175377,1,FALSE,0.8,0,,,,,Accipitridae,,Buteo regalis,
299,Tyto furcata,,Tyto,2,Tyto furcata,"(Temminck, 1827)",Tyto,2,1063228,1,FALSE,0.8,0,,,,,Tytonidae,,Tyto furcata,
300,Psiloscops flammeolus,,Psiloscops,2,Psiloscops flammeolus,"(Kaup, 1852)",Psiloscops,2,1063247,1,FALSE,0.8,0,,,,,Strigidae,,Psiloscops flammeolus,
301,Megascops kennicottii,,Megascops,2,Megascops kennicottii,"(D. G. Elliot, 1867)",Megascops,2,686659,1,FALSE,0.8,0,,,,,Strigidae,,Megascops kennicottii,
302,Bubo scandiacus,,Bubo,2,Bubo scandiacus,"(Linnaeus, 1758)",Bubo,2,686683,1,FALSE,0.8,0,,,,,Strigidae,,Bubo scandiacus,
303,Bubo virginianus,,Bubo,2,Bubo virginianus,"(J. F. Gmelin, 1788)",Bubo,2,177884,1,FALSE,0.8,0,,,,,Strigidae,,Bubo virginianus,
304,Surnia ulula,,Surnia,2,Surnia ulula,"(Linnaeus, 1758)",Surnia,2,177898,1,FALSE,0.8,0,,,,,Strigidae,,Surnia ulula,
305,Glaucidium gnoma,,Glaucidium,2,Glaucidium gnoma,"Wagler, 1832",Glaucidium,2,177902,1,FALSE,0.8,0,,,,,Strigidae,,Glaucidium gnoma,
306,Athene cunicularia,,Athene,2,Athene cunicularia,"(Molina, 1782)",Athene,2,177946,1,FALSE,0.8,0,,,,,Strigidae,,Athene cunicularia,
307,Strix occidentalis,,Strix,2,Strix occidentalis,"(Xántus de Vésey, 1860)",Strix,2,177925,1,FALSE,0.8,0,,,,,Strigidae,,Strix occidentalis,
308,Strix varia,,Strix,2,Strix varia,"Barton, 1799",Strix,2,177921,1,FALSE,0.8,0,,,,,Strigidae,,Strix varia,
309,Strix nebulosa,,Strix,2,Strix nebulosa,"J. R. Forster, 1772",Strix,2,177929,1,FALSE,0.8,0,,,,,Strigidae,,Strix nebulosa,
310,Asio otus,,Asio,2,Asio otus,"(Linnaeus, 1758)",Asio,2,177932,1,FALSE,0.8,0,,,,,Strigidae,,Asio otus,
311,Asio flammeus,,Asio,2,Asio flammeus,"(Pontoppidan, 1763)",Asio,2,177935,1,FALSE,0.8,0,,,,,Strigidae,,Asio flammeus,
312,Aegolius funereus,,Aegolius,2,Aegolius funereus,"(Linnaeus, 1758)",Aegolius,2,177938,1,FALSE,0.8,0,,,,,Strigidae,,Aegolius funereus,
313,Aegolius acadicus,,Aegolius,2,Aegolius acadicus,"(J. F. Gmelin, 1788)",Aegolius,2,177942,1,FALSE,0.8,0,,,,,Strigidae,,Aegolius acadicus,
314,Megaceryle alcyon,,Megaceryle,2,Megaceryle alcyon,"(Linnaeus, 1758)",Megaceryle,2,178106,1,FALSE,0.8,0,,,,,Alcedinidae,,Megaceryle alcyon,
315,Sphyrapicus thyroideus,,Sphyrapicus,2,Sphyrapicus thyroideus,"(Cassin, 1852)",Sphyrapicus,2,178208,1,FALSE,0.8,0,,,,,Picidae,,Sphyrapicus thyroideus,
316,Sphyrapicus varius,,Sphyrapicus,2,Sphyrapicus varius,"(Linnaeus, 1766)",Sphyrapicus,2,178202,1,FALSE,0.8,0,,,,,Picidae,,Sphyrapicus varius,
317,Sphyrapicus nuchalis,,Sphyrapicus,2,Sphyrapicus nuchalis,"S. F. Baird, 1858",Sphyrapicus,2,178211,1,FALSE,0.8,0,,,,,Picidae,,Sphyrapicus nuchalis,
318,Sphyrapicus ruber,,Sphyrapicus,2,Sphyrapicus ruber,"(J. F. Gmelin, 1788)",Sphyrapicus,2,178212,1,FALSE,0.8,0,,,,,Picidae,,Sphyrapicus ruber,
319,Melanerpes lewis,,Melanerpes,2,Melanerpes lewis,"(G. R. Gray, 1849)",Melanerpes,2,178196,1,FALSE,0.8,0,,,,,Picidae,,Melanerpes lewis,
320,Melanerpes erythrocephalus,,Melanerpes,2,Melanerpes erythrocephalus,"(Linnaeus, 1758)",Melanerpes,2,178186,1,FALSE,0.8,0,,,,,Picidae,,Melanerpes erythrocephalus,
321,Melanerpes formicivorus,,Melanerpes,2,Melanerpes formicivorus,"(Swainson, 1827)",Melanerpes,2,178189,1,FALSE,0.8,0,,,,,Picidae,,Melanerpes formicivorus,
322,Picoides dorsalis,,Picoides,2,Picoides dorsalis,"S. F. Baird, 1858",Picoides,2,685725,1,FALSE,0.8,0,,,,,Picidae,,Picoides dorsalis,
323,Picoides arcticus,,Picoides,2,Picoides arcticus,"(Swainson, 1832)",Picoides,2,178250,1,FALSE,0.8,0,,,,,Picidae,,Picoides arcticus,
324,Dryobates pubescens,,Dryobates,2,Dryobates pubescens,"(Linnaeus, 1766)",Dryobates,2,1145276,1,FALSE,0.8,0,,,,,Picidae,,Dryobates pubescens,
325,Dryobates villosus,,Dryobates,2,Dryobates villosus,"(Linnaeus, 1766)",Dryobates,2,1145285-1145323,1,FALSE,0.8,0,,Leuconotopicus villosus,"(Linnaeus, 1766)",1145285,Picidae,,Leuconotopicus villosus,
326,Dryobates albolarvatus,,Dryobates,2,Dryobates albolarvatus,"(Cassin, 1850)",Dryobates,2,1145286-1145322,1,FALSE,0.8,0,,Leuconotopicus albolarvatus,"(Cassin, 1850)",1145286,Picidae,,Leuconotopicus albolarvatus,
327,Dryocopus pileatus,,Dryocopus,2,Dryocopus pileatus,"(Linnaeus, 1758)",Dryocopus,2,178166,1,FALSE,0.8,0,,,,,Picidae,,Dryocopus pileatus,
328,Colaptes auratus,,Colaptes,2,Colaptes auratus,"(Linnaeus, 1758)",Colaptes,2,178154,1,FALSE,0.8,0,,,,,Picidae,,Colaptes auratus,
329,Caracara plancus,,Caracara,2,Caracara plancus,"(J. F. Miller, 1777)",Caracara,2,554146,1,FALSE,0.8,0,,,,,Falconidae,,Caracara plancus,
330,Falco tinnunculus,,Falco,2,Falco tinnunculus,"Linnaeus, 1758",Falco,2,175620,1,FALSE,0.8,0,,,,,Falconidae,,Falco tinnunculus,
331,Falco sparverius,,Falco,2,Falco sparverius,"Linnaeus, 1758",Falco,2,175622,1,FALSE,0.8,0,,,,,Falconidae,,Falco sparverius,
332,Falco columbarius,,Falco,2,Falco columbarius,"Linnaeus, 1758",Falco,2,175613,1,FALSE,0.8,0,,,,,Falconidae,,Falco columbarius,
333,Falco rusticolus,,Falco,2,Falco rusticolus,"Linnaeus, 1758",Falco,2,175599,1,FALSE,0.8,0,,,,,Falconidae,,Falco rusticolus,
334,Falco peregrinus,,Falco,2,Falco peregrinus,"Tunstall, 1771",Falco,2,175604,1,FALSE,0.8,0,,,,,Falconidae,,Falco peregrinus,
335,Falco mexicanus,,Falco,2,Falco mexicanus,"Schlegel, 1850",Falco,2,175603,1,FALSE,0.8,0,,,,,Falconidae,,Falco mexicanus,
336,Contopus cooperi,,Contopus,2,Contopus cooperi,"(Nuttall, 1831)",Contopus,2,554221,1,FALSE,0.8,0,,,,,Tyrannidae,,Contopus cooperi,
337,Contopus sordidulus,,Contopus,2,Contopus sordidulus,"P. L. Sclater, 1859",Contopus,2,178360,1,FALSE,0.8,0,,,,,Tyrannidae,,Contopus sordidulus,
338,Contopus virens,,Contopus,2,Contopus virens,"(Linnaeus, 1766)",Contopus,2,178359,1,FALSE,0.8,0,,,,,Tyrannidae,,Contopus virens,
339,Empidonax flaviventris,,Empidonax,2,Empidonax flaviventris,"(W. M. Baird &amp; S. F. Baird, 1843)",Empidonax,2,178338,1,FALSE,0.8,0,,,,,Tyrannidae,,Empidonax flaviventris,
340,Empidonax virescens,,Empidonax,2,Empidonax virescens,"(Vieillot, 1818)",Empidonax,2,178339,1,FALSE,0.8,0,,,,,Tyrannidae,,Empidonax virescens,
341,Empidonax alnorum,,Empidonax,2,Empidonax alnorum,"Brewster, 1895",Empidonax,2,178340,1,FALSE,0.8,0,,,,,Tyrannidae,,Empidonax alnorum,
342,Empidonax traillii,,Empidonax,2,Empidonax traillii,"(Audubon, 1828)",Empidonax,2,178341,1,FALSE,0.8,0,,,,,Tyrannidae,,Empidonax traillii,
343,Empidonax minimus,,Empidonax,2,Empidonax minimus,"(W. M. Baird &amp; S. F. Baird, 1843)",Empidonax,2,178344,1,FALSE,0.8,0,,,,,Tyrannidae,,Empidonax minimus,
344,Empidonax hammondii,,Empidonax,2,Empidonax hammondii,"(Xantus de Vesey, 1858)",Empidonax,2,554254,1,FALSE,0.8,0,,,,,Tyrannidae,,Empidonax hammondii,
345,Empidonax wrightii,,Empidonax,2,Empidonax wrightii,"S. F. Baird, 1858",Empidonax,2,178347,1,FALSE,0.8,0,,,,,Tyrannidae,,Empidonax wrightii,
346,Empidonax oberholseri,,Empidonax,2,Empidonax oberholseri,"A. R. Phillips, 1939",Empidonax,2,178346,1,FALSE,0.8,0,,,,,Tyrannidae,,Empidonax oberholseri,
347,Empidonax difficilis,,Empidonax,2,Empidonax difficilis,"S. F. Baird, 1858",Empidonax,2,178348,1,FALSE,0.8,0,,,,,Tyrannidae,,Empidonax difficilis,
348,Sayornis nigricans,,Sayornis,2,Sayornis nigricans,"(Swainson, 1827)",Sayornis,2,178330,1,FALSE,0.8,0,,,,,Tyrannidae,,Sayornis nigricans,
349,Sayornis phoebe,,Sayornis,2,Sayornis phoebe,"(Latham, 1790)",Sayornis,2,178329,1,FALSE,0.8,0,,,,,Tyrannidae,,Sayornis phoebe,
350,Sayornis saya,,Sayornis,2,Sayornis saya,"(Bonaparte, 1825)",Sayornis,2,178333,1,FALSE,0.8,0,,,,,Tyrannidae,,Sayornis saya,
351,Pyrocephalus rubinus,,Pyrocephalus,2,Pyrocephalus rubinus,"(Boddaert, 1783)",Pyrocephalus,2,178371,1,FALSE,0.8,0,,,,,Tyrannidae,,Pyrocephalus rubinus,
352,Myiarchus cinerascens,,Myiarchus,2,Myiarchus cinerascens,"(Lawrence, 1851)",Myiarchus,2,178316,1,FALSE,0.8,0,,,,,Tyrannidae,,Myiarchus cinerascens,
353,Myiarchus crinitus,,Myiarchus,2,Myiarchus crinitus,"(Linnaeus, 1758)",Myiarchus,2,178309,1,FALSE,0.8,0,,,,,Tyrannidae,,Myiarchus crinitus,
354,Tyrannus melancholicus,,Tyrannus,2,Tyrannus melancholicus,"Vieillot, 1819",Tyrannus,2,178282,1,FALSE,0.8,0,,,,,Tyrannidae,,Tyrannus melancholicus,
355,Tyrannus crassirostris,,Tyrannus,2,Tyrannus crassirostris,"Swainson, 1826",Tyrannus,2,178292,1,FALSE,0.8,0,,,,,Tyrannidae,,Tyrannus crassirostris,
356,Tyrannus verticalis,,Tyrannus,2,Tyrannus verticalis,"Say, 1823",Tyrannus,2,178287,1,FALSE,0.8,0,,,,,Tyrannidae,,Tyrannus verticalis,
357,Tyrannus tyrannus,,Tyrannus,2,Tyrannus tyrannus,"(Linnaeus, 1758)",Tyrannus,2,178279,1,FALSE,0.8,0,,,,,Tyrannidae,,Tyrannus tyrannus,
358,Tyrannus dominicensis,,Tyrannus,2,Tyrannus dominicensis,"(Gmelin, 1788)",Tyrannus,2,178280,1,FALSE,0.8,0,,,,,Tyrannidae,,Tyrannus dominicensis,
359,Tyrannus forficatus,,Tyrannus,2,Tyrannus forficatus,"(Gmelin, 1789)",Tyrannus,2,178293,1,FALSE,0.8,0,,,,,Tyrannidae,,Tyrannus forficatus,
360,Tyrannus savana,,Tyrannus,2,Tyrannus savana,"Vieillot, 1808",Tyrannus,2,178294,1,FALSE,0.8,0,,,,,Tyrannidae,,Tyrannus savana,
361,Vireo atricapilla,,Vireo,2,Vireo atricapilla,"Woodhouse, 1852",Vireo,2,178990,1,FALSE,0.8,0,,,,,Vireonidae,,Vireo atricapilla,
362,Vireo griseus,,Vireo,2,Vireo griseus,"(Boddaert, 1783)",Vireo,2,178991,1,FALSE,0.8,0,,,,,Vireonidae,,Vireo griseus,
363,Vireo bellii,,Vireo,2,Vireo bellii,"Audubon, 1844",Vireo,2,179003,1,FALSE,0.8,0,,,,,Vireonidae,,Vireo bellii,
364,Vireo huttoni,,Vireo,2,Vireo huttoni,"Cassin, 1851",Vireo,2,178997,1,FALSE,0.8,0,,,,,Vireonidae,,Vireo huttoni,
365,Vireo cassinii,,Vireo,2,Vireo cassinii,"Xantus de Vesey, 1858",Vireo,2,554456,1,FALSE,0.8,0,,,,,Vireonidae,,Vireo cassinii,
366,Vireo solitarius,,Vireo,2,Vireo solitarius,"(A. Wilson, 1810)",Vireo,2,179010,1,FALSE,0.8,0,,,,,Vireonidae,,Vireo solitarius,
367,Vireo philadelphicus,,Vireo,2,Vireo philadelphicus,"(Cassin, 1851)",Vireo,2,179022,1,FALSE,0.8,0,,,,,Vireonidae,,Vireo philadelphicus,
368,Vireo gilvus,,Vireo,2,Vireo gilvus,"(Vieillot, 1808)",Vireo,2,179023,1,FALSE,0.8,0,,,,,Vireonidae,,Vireo gilvus,
369,Vireo olivaceus,,Vireo,2,Vireo olivaceus,"(Linnaeus, 1766)",Vireo,2,179021,1,FALSE,0.8,0,,,,,Vireonidae,,Vireo olivaceus,
370,Vireo flavoviridis,,Vireo,2,Vireo flavoviridis,"(Cassin, 1851)",Vireo,2,179019,1,FALSE,0.8,0,,,,,Vireonidae,,Vireo flavoviridis,
371,Lanius collurio,,Lanius,2,Lanius collurio,"Linnaeus, 1758",Lanius,2,560720,1,FALSE,0.8,0,,,,,Laniidae,,Lanius collurio,
372,Lanius cristatus,,Lanius,2,Lanius cristatus,"Linnaeus, 1758",Lanius,2,178525,1,FALSE,0.8,0,,,,,Laniidae,,Lanius cristatus,
373,Lanius ludovicianus,,Lanius,2,Lanius ludovicianus,"Linnaeus, 1766",Lanius,2,178515,1,FALSE,0.8,0,,,,,Laniidae,,Lanius ludovicianus,
374,Lanius borealis,,Lanius,2,Lanius dorsalis,"Cabanis, 1878",Lanius,2,560722,1,TRUE,0.7,2,,,,,Laniidae,,Lanius dorsalis,
375,Perisoreus canadensis,,Perisoreus,2,Perisoreus canadensis,"(Linnaeus, 1766)",Perisoreus,2,179667,1,FALSE,0.8,0,,,,,Corvidae,,Perisoreus canadensis,
376,Gymnorhinus cyanocephalus,,Gymnorhinus,2,Gymnorhinus cyanocephalus,"Wied-Neuwied, 1841",Gymnorhinus,2,179748,1,FALSE,0.8,0,,,,,Corvidae,,Gymnorhinus cyanocephalus,
377,Cyanocitta stelleri,,Cyanocitta,2,Cyanocitta stelleri,"(Gmelin, 1788)",Cyanocitta,2,179685,1,FALSE,0.8,0,,,,,Corvidae,,Cyanocitta stelleri,
378,Cyanocitta cristata,,Cyanocitta,2,Cyanocitta cristata,"(Linnaeus, 1758)",Cyanocitta,2,179680,1,FALSE,0.8,0,,,,,Corvidae,,Cyanocitta cristata,
379,Aphelocoma californica,,Aphelocoma,2,Aphelocoma californica,"(Vigors, 1839)",Aphelocoma,2,554128,1,FALSE,0.8,0,,,,,Corvidae,,Aphelocoma californica,
380,Pica hudsonia,,Pica,2,Pica hudsonia,"(Sabine, 1823)",Pica,2,726117,1,FALSE,0.8,0,,,,,Corvidae,,Pica hudsonia,
381,Nucifraga columbiana,,Nucifraga,2,Nucifraga columbiana,"(A. Wilson, 1811)",Nucifraga,2,179750,1,FALSE,0.8,0,,,,,Corvidae,,Nucifraga columbiana,
382,Corvus brachyrhynchos,,Corvus,2,Corvus brachyrhynchos,"C. L. Brehm, 1822",Corvus,2,179731,1,FALSE,0.8,0,,,,,Corvidae,,Corvus brachyrhynchos,
383,Corvus corax,,Corvus,2,Corvus corax,"Linnaeus, 1758",Corvus,2,179725,1,FALSE,0.8,0,,,,,Corvidae,,Corvus corax,
384,Poecile atricapillus,,Poecile,2,Poecile atricapillus,"(Linnaeus, 1766)",Poecile,2,554382,1,FALSE,0.8,0,,,,,Paridae,,Poecile atricapillus,
385,Poecile gambeli,,Poecile,2,Poecile gambeli,"(Ridgway, 1886)",Poecile,2,554385,1,FALSE,0.8,0,,,,,Paridae,,Poecile gambeli,
386,Poecile rufescens,,Poecile,2,Poecile rufescens,"(J. K. Townsend, 1837)",Poecile,2,554387,1,FALSE,0.8,0,,,,,Paridae,,Poecile rufescens,
387,Poecile hudsonicus,,Poecile,2,Poecile hudsonicus,"(J. R. Forster, 1772)",Poecile,2,554386,1,FALSE,0.8,0,,,,,Paridae,,Poecile hudsonicus,
388,Alauda arvensis,,Alauda,2,Alauda arvensis,"Linnaeus, 1758",Alauda,2,178398,1,FALSE,0.8,0,,,,,Alaudidae,,Alauda arvensis,
389,Eremophila alpestris,,Eremophila,2,Eremophila alpestris,"(Linnaeus, 1758)",Eremophila,2,554256,1,FALSE,0.8,0,,,,,Alaudidae,,Eremophila alpestris,
390,Riparia riparia,,Riparia,2,Riparia riparia,"(Linnaeus, 1758)",Riparia,2,178436,1,FALSE,0.8,0,,,,,Hirundinidae,,Riparia riparia,
391,Tachycineta bicolor,,Tachycineta,2,Tachycineta bicolor,"(Vieillot, 1808)",Tachycineta,2,178431,1,FALSE,0.8,0,,,,,Hirundinidae,,Tachycineta bicolor,
392,Tachycineta thalassina,,Tachycineta,2,Tachycineta thalassina,"(Swainson, 1827)",Tachycineta,2,178427,1,FALSE,0.8,0,,,,,Hirundinidae,,Tachycineta thalassina,
393,Progne subis,,Progne,2,Progne subis,"(Linnaeus, 1758)",Progne,2,178464,1,FALSE,0.8,0,,,,,Hirundinidae,,Progne subis,
394,Stelgidopteryx serripennis,,Stelgidopteryx,2,Stelgidopteryx serripennis,"(Audubon, 1838)",Stelgidopteryx,2,178443,1,FALSE,0.8,0,,,,,Hirundinidae,,Stelgidopteryx serripennis,
395,Hirundo rustica,,Hirundo,2,Hirundo rustica,"Linnaeus, 1758",Hirundo,2,178448,1,FALSE,0.8,0,,,,,Hirundinidae,,Hirundo rustica,
396,Delichon urbicum,,Delichon,2,Delichon urbicum,"(Linnaeus, 1758)",Delichon,2,726115,1,FALSE,0.8,0,,,,,Hirundinidae,,Delichon urbicum,
397,Petrochelidon pyrrhonota,,Petrochelidon,2,Petrochelidon pyrrhonota,"(Vieillot, 1817)",Petrochelidon,2,178455,1,FALSE,0.8,0,,,,,Hirundinidae,,Petrochelidon pyrrhonota,
398,Petrochelidon fulva,,Petrochelidon,2,Petrochelidon fulva,"(Vieillot, 1808)",Petrochelidon,2,178460,1,FALSE,0.8,0,,,,,Hirundinidae,,Petrochelidon fulva,
399,Phylloscopus inornatus,,Phylloscopus,2,Phylloscopus inornatus,"(Blyth, 1842)",Phylloscopus,2,562136,1,FALSE,0.8,0,,,,,Phylloscopidae,,Phylloscopus inornatus,
400,Psaltriparus minimus,,Psaltriparus,2,Psaltriparus minimus,"(J. K. Townsend, 1837)",Psaltriparus,2,178764,1,FALSE,0.8,0,,,,,Aegithalidae,,Psaltriparus minimus,
401,Corthylio calendula,,Corthylio,2,,,,,,1,TRUE,,,,,,,,,,No matching result
402,Regulus satrapa,,Regulus,2,Regulus satrapa,"Lichtenstein, 1823",Regulus,2,179865,1,FALSE,0.8,0,,,,,Regulidae,,Regulus satrapa,
403,Sitta carolinensis,,Sitta,2,Sitta carolinensis,"Latham, 1790",Sitta,2,178775,1,FALSE,0.8,0,,,,,Sittidae,,Sitta carolinensis,
404,Sitta pygmaea,,Sitta,2,Sitta pygmaea,"Vigors, 1839",Sitta,2,178788,1,FALSE,0.8,0,,,,,Sittidae,,Sitta pygmaea,
405,Sitta canadensis,,Sitta,2,Sitta canadensis,"Linnaeus, 1766",Sitta,2,178784,1,FALSE,0.8,0,,,,,Sittidae,,Sitta canadensis,
406,Certhia americana,,Certhia,2,Certhia americana,"Bonaparte, 1838",Certhia,2,178803,1,FALSE,0.8,0,,,,,Certhiidae,,Certhia americana,
407,Polioptila caerulea,,Polioptila,2,Polioptila caerulea,"(Linnaeus, 1766)",Polioptila,2,179853,1,FALSE,0.8,0,,,,,Polioptilidae,,Polioptila caerulea,
408,Salpinctes obsoletus,,Salpinctes,2,Salpinctes obsoletus,"(Say, 1822)",Salpinctes,2,178614,1,FALSE,0.8,0,,,,,Troglodytidae,,Salpinctes obsoletus,
409,Catherpes mexicanus,,Catherpes,2,Catherpes mexicanus,"(Swainson, 1829)",Catherpes,2,178610,1,FALSE,0.8,0,,,,,Troglodytidae,,Catherpes mexicanus,
410,Troglodytes aedon,,Troglodytes,2,Troglodytes aedon,"Vieillot, 1809",Troglodytes,2,178541,1,FALSE,0.8,0,,,,,Troglodytidae,,Troglodytes aedon,
411,Troglodytes pacificus,,Troglodytes,2,Troglodytes pacificus,"S. F. Baird, 1864",Troglodytes,2,916804,1,FALSE,0.8,0,,,,,Troglodytidae,,Troglodytes pacificus,
412,Troglodytes hiemalis,,Troglodytes,2,Troglodytes hiemalis,"Vieillot, 1819",Troglodytes,2,916803,1,FALSE,0.8,0,,,,,Troglodytidae,,Troglodytes hiemalis,
413,Cistothorus stellaris,,Cistothorus,2,Cistothorus palustris,"(A. Wilson, 1810)",Cistothorus,2,178608,1,TRUE,0.5,6,,,,,Troglodytidae,,Cistothorus palustris,Multiple results
414,Cistothorus palustris,,Cistothorus,2,Cistothorus palustris,"(A. Wilson, 1810)",Cistothorus,2,178608,1,FALSE,0.8,0,,,,,Troglodytidae,,Cistothorus palustris,
415,Thryomanes bewickii,,Thryomanes,2,Thryomanes bewickii,"(Audubon, 1827)",Thryomanes,2,178562,1,FALSE,0.8,0,,,,,Troglodytidae,,Thryomanes bewickii,
416,Cinclus mexicanus,,Cinclus,2,Cinclus mexicanus,"Swainson, 1827",Cinclus,2,178536,1,FALSE,0.8,0,,,,,Cinclidae,,Cinclus mexicanus,
417,Sturnus vulgaris,,Sturnus,2,Sturnus vulgaris,"Linnaeus, 1758",Sturnus,2,179637,1,FALSE,0.8,0,,,,,Sturnidae,,Sturnus vulgaris,
418,Spodiopsar cineraceus,,Spodiopsar,2,Spodiopsar cineraceus,"(Temminck, 1835)",Spodiopsar,2,915877,1,FALSE,0.8,0,,,,,Sturnidae,,Spodiopsar cineraceus,
419,Acridotheres cristatellus,,Acridotheres,2,Acridotheres cristatellus,"(Linnaeus, 1758)",Acridotheres,2,179642,1,FALSE,0.8,0,,,,,Sturnidae,,Acridotheres cristatellus,
420,Dumetella carolinensis,,Dumetella,2,Dumetella carolinensis,"(Linnaeus, 1766)",Dumetella,2,178625,1,FALSE,0.8,0,,,,,Mimidae,,Dumetella carolinensis,
421,Toxostoma curvirostre,,Toxostoma,2,Toxostoma curvirostre,"(Swainson, 1827)",Toxostoma,2,178637,1,FALSE,0.8,0,,,,,Mimidae,,Toxostoma curvirostre,
422,Toxostoma rufum,,Toxostoma,2,Toxostoma rufum,"(Linnaeus, 1758)",Toxostoma,2,178627,1,FALSE,0.8,0,,,,,Mimidae,,Toxostoma rufum,
423,Oreoscoptes montanus,,Oreoscoptes,2,Oreoscoptes montanus,"(J. K. Townsend, 1837)",Oreoscoptes,2,178654,1,FALSE,0.8,0,,,,,Mimidae,,Oreoscoptes montanus,
424,Mimus polyglottos,,Mimus,2,Mimus polyglottos,"(Linnaeus, 1758)",Mimus,2,178620,1,FALSE,0.8,0,,,,,Mimidae,,Mimus polyglottos,
425,Sialia sialis,,Sialia,2,Sialia sialis,"(Linnaeus, 1758)",Sialia,2,179801,1,FALSE,0.8,0,,,,,Turdidae,,Sialia sialis,
426,Sialia mexicana,,Sialia,2,Sialia mexicana,"Swainson, 1832",Sialia,2,179806,1,FALSE,0.8,0,,,,,Turdidae,,Sialia mexicana,
427,Sialia currucoides,,Sialia,2,Sialia currucoides,"(Bechstein, 1798)",Sialia,2,179811,1,FALSE,0.8,0,,,,,Turdidae,,Sialia currucoides,
428,Myadestes townsendi,,Myadestes,2,Myadestes townsendi,"(Audubon, 1838)",Myadestes,2,179824,1,FALSE,0.8,0,,,,,Turdidae,,Myadestes townsendi,
429,Ixoreus naevius,,Ixoreus,2,Ixoreus naevius,"(Gmelin, 1789)",Ixoreus,2,179773,1,FALSE,0.8,0,,,,,Turdidae,,Ixoreus naevius,
430,Catharus fuscescens,,Catharus,2,Catharus fuscescens,"(Stephens, 1817)",Catharus,2,179796,1,FALSE,0.8,0,,,,,Turdidae,,Catharus fuscescens,
431,Catharus minimus,,Catharus,2,Catharus minimus,"(Lafresnaye, 1848)",Catharus,2,179793,1,FALSE,0.8,0,,,,,Turdidae,,Catharus minimus,
432,Catharus ustulatus,,Catharus,2,Catharus ustulatus,"(Nuttall, 1840)",Catharus,2,179788,1,FALSE,0.8,0,,,,,Turdidae,,Catharus ustulatus,
433,Catharus guttatus,,Catharus,2,Catharus guttatus,"(Pallas, 1811)",Catharus,2,179779,1,FALSE,0.8,0,,,,,Turdidae,,Catharus guttatus,
434,Hylocichla mustelina,,Hylocichla,2,Hylocichla mustelina,"(Gmelin, 1789)",Hylocichla,2,179777,1,FALSE,0.8,0,,,,,Turdidae,,Hylocichla mustelina,
435,Turdus iliacus,,Turdus,2,Turdus iliacus,"Linnaeus, 1758",Turdus,2,179769,1,FALSE,0.8,0,,,,,Turdidae,,Turdus iliacus,
436,Turdus migratorius,,Turdus,2,Turdus migratorius,"Linnaeus, 1766",Turdus,2,179759,1,FALSE,0.8,0,,,,,Turdidae,,Turdus migratorius,
437,Turdus pilaris,,Turdus,2,Turdus pilaris,"Linnaeus, 1758",Turdus,2,179766,1,FALSE,0.8,0,,,,,Turdidae,,Turdus pilaris,
438,Turdus eunomus,,Turdus,2,Turdus eunomus,"Temminck, 1831",Turdus,2,916170,1,FALSE,0.8,0,,,,,Turdidae,,Turdus eunomus,
439,Tarsiger cyanurus,,Tarsiger,2,Tarsiger cyanurus,"(Pallas, 1773)",Tarsiger,2,179838,1,FALSE,0.8,0,,,,,Muscicapidae,,Tarsiger cyanurus,
440,Monticola solitarius,,Monticola,2,Monticola solitarius,"(Linnaeus, 1758)",Monticola,2,179834,1,FALSE,0.8,0,,,,,Muscicapidae,,Monticola solitarius,
441,Oenanthe oenanthe,,Oenanthe,2,Oenanthe oenanthe,"(Linnaeus, 1758)",Oenanthe,2,179814,1,FALSE,0.8,0,,,,,Muscicapidae,,Oenanthe oenanthe,
442,Bombycilla garrulus,,Bombycilla,2,Bombycilla garrulus,"(Linnaeus, 1758)",Bombycilla,2,178529,1,FALSE,0.8,0,,,,,Bombycillidae,,Bombycilla garrulus,
443,Bombycilla cedrorum,,Bombycilla,2,Bombycilla cedrorum,"Vieillot, 1808",Bombycilla,2,178532,1,FALSE,0.8,0,,,,,Bombycillidae,,Bombycilla cedrorum,
444,Prunella montanella,,Prunella,2,Prunella montanella,"(Pallas, 1776)",Prunella,2,178660,1,FALSE,0.8,0,,,,,Prunellidae,,Prunella montanella,
445,Passer domesticus,,Passer,2,Passer domesticus,"(Linnaeus, 1758)",Passer,2,179628,1,FALSE,0.8,0,,,,,Passeridae,,Passer domesticus,
446,Motacilla cinerea,,Motacilla,2,Motacilla cinerea,"Tunstall, 1771",Motacilla,2,178480,1,FALSE,0.8,0,,,,,Motacillidae,,Motacilla cinerea,
447,Motacilla tschutschensis,,Motacilla,2,Motacilla tschutschensis,"Gmelin, 1789",Motacilla,2,726116,1,FALSE,0.8,0,,,,,Motacillidae,,Motacilla tschutschensis,
448,Motacilla citreola,,Motacilla,2,Motacilla citreola,"Pallas, 1776",Motacilla,2,554345,1,FALSE,0.8,0,,,,,Motacillidae,,Motacilla citreola,
449,Motacilla alba,,Motacilla,2,Motacilla alba,"Linnaeus, 1758",Motacilla,2,178476,1,FALSE,0.8,0,,,,,Motacillidae,,Motacilla alba,
450,Anthus cervinus,,Anthus,2,Anthus cervinus,"(Pallas, 1811)",Anthus,2,178498,1,FALSE,0.8,0,,,,,Motacillidae,,Anthus cervinus,
451,Anthus japonicus,,Anthus,2,Anthus antarcticus,"Cabanis, 1884",Anthus,2,558633,1,TRUE,0.5,6,,,,,Motacillidae,,Anthus antarcticus,Multiple results
452,Anthus rubescens,,Anthus,2,Anthus rubescens,"(Tunstall, 1771)",Anthus,2,554127,1,FALSE,0.8,0,,,,,Motacillidae,,Anthus rubescens,
453,Anthus spragueii,,Anthus,2,Anthus spragueii,"(Audubon, 1844)",Anthus,2,178499,1,FALSE,0.8,0,,,,,Motacillidae,,Anthus spragueii,
454,Fringilla montifringilla,,Fringilla,2,Fringilla montifringilla,"Linnaeus, 1758",Fringilla,2,179167,1,FALSE,0.8,0,,,,,Fringillidae,,Fringilla montifringilla,
455,Coccothraustes vespertinus,,Coccothraustes,2,Coccothraustes vespertinus,"(W. Cooper, 1825)",Coccothraustes,2,179175-179173,1,FALSE,0.8,0,,Hesperiphona vespertina,"(W. Cooper, 1825)",179175,Fringillidae,,Hesperiphona vespertina,
456,Pinicola enucleator,,Pinicola,2,Pinicola enucleator,"(Linnaeus, 1758)",Pinicola,2,179205,1,FALSE,0.8,0,,,,,Fringillidae,,Pinicola enucleator,
457,Leucosticte tephrocotis,,Leucosticte,2,Leucosticte tephrocotis,"(Swainson, 1832)",Leucosticte,2,179215,1,FALSE,0.8,0,,,,,Fringillidae,,Leucosticte tephrocotis,
458,Haemorhous mexicanus,,Haemorhous,2,Haemorhous mexicanus,"(P. L. Statius Müller, 1776)",Haemorhous,2,997805,1,FALSE,0.8,0,,,,,Fringillidae,,Haemorhous mexicanus,
459,Haemorhous purpureus,,Haemorhous,2,Haemorhous purpureus,"(J. F. Gmelin, 1789)",Haemorhous,2,997803,1,FALSE,0.8,0,,,,,Fringillidae,,Haemorhous purpureus,
460,Haemorhous cassinii,,Haemorhous,2,Haemorhous cassinii,"(S. F. Baird, 1854)",Haemorhous,2,997804,1,FALSE,0.8,0,,,,,Fringillidae,,Haemorhous cassinii,
461,Chloris sinica,,Chloris,2,Chloris sinica,"(Linnaeus, 1766)",Chloris,2,997807,1,FALSE,0.8,0,,,,,Fringillidae,,Chloris sinica,
462,Acanthis flammea,,Acanthis,2,Acanthis flammea,"(Linnaeus, 1758)",Acanthis,2,179241,1,FALSE,0.8,0,,,,,Fringillidae,,Acanthis flammea,
463,Loxia curvirostra,,Loxia,2,Loxia curvirostra,"Linnaeus, 1758",Loxia,2,179259,1,FALSE,0.8,0,,,,,Fringillidae,,Loxia curvirostra,
464,Loxia leucoptera,,Loxia,2,Loxia leucoptera,"J. F. Gmelin, 1789",Loxia,2,179268,1,FALSE,0.8,0,,,,,Fringillidae,,Loxia leucoptera,
465,Spinus pinus,,Spinus,2,Spinus pinus,"(A. Wilson, 1810)",Spinus,2,179246,1,FALSE,0.8,0,,,,,Fringillidae,,Spinus pinus,
466,Spinus psaltria,,Spinus,2,Spinus psaltria,"(Say, 1822)",Spinus,2,179254,1,FALSE,0.8,0,,,,,Fringillidae,,Spinus psaltria,
467,Spinus tristis,,Spinus,2,Spinus tristis,"(Linnaeus, 1758)",Spinus,2,179249,1,FALSE,0.8,0,,,,,Fringillidae,,Spinus tristis,
468,Calcarius lapponicus,,Calcarius,2,Calcarius lapponicus,"(Linnaeus, 1758)",Calcarius,2,179526,1,FALSE,0.8,0,,,,,Calcariidae,,Calcarius lapponicus,
469,Calcarius ornatus,,Calcarius,2,Calcarius ornatus,"(J. K. Townsend, 1837)",Calcarius,2,179530,1,FALSE,0.8,0,,,,,Calcariidae,,Calcarius ornatus,
470,Calcarius pictus,,Calcarius,2,Calcarius pictus,"(Swainson, 1832)",Calcarius,2,179529,1,FALSE,0.8,0,,,,,Calcariidae,,Calcarius pictus,
471,Rhynchophanes mccownii,,Rhynchophanes,2,Rhynchophanes mccownii,"(Lawrence, 1851)",Rhynchophanes,2,997873,1,FALSE,0.8,0,,,,,Calcariidae,,Rhynchophanes mccownii,
472,Plectrophenax nivalis,,Plectrophenax,2,Plectrophenax nivalis,"(Linnaeus, 1758)",Plectrophenax,2,179532,1,FALSE,0.8,0,,,,,Calcariidae,,Plectrophenax nivalis,
473,Plectrophenax hyperboreus,,Plectrophenax,2,Plectrophenax hyperboreus,"Ridgway, 1884",Plectrophenax,2,179535,1,FALSE,0.8,0,,,,,Calcariidae,,Plectrophenax hyperboreus,
474,Emberiza leucocephalos,,Emberiza,2,Emberiza leucocephalos,"S. G. Gmelin, 1771",Emberiza,2,554226,1,FALSE,0.8,0,,,,,Emberizidae,,Emberiza leucocephalos,
475,Emberiza pallasi,,Emberiza,2,Emberiza pallasi,"(Cabanis, 1851)",Emberiza,2,179541,1,FALSE,0.8,0,,,,,Emberizidae,,Emberiza pallasi,
476,Emberiza pusilla,,Emberiza,2,Emberiza pusilla,"Pallas, 1776",Emberiza,2,179542,1,FALSE,0.8,0,,,,,Emberizidae,,Emberiza pusilla,
477,Emberiza rustica,,Emberiza,2,Emberiza rustica,"Pallas, 1776",Emberiza,2,179538,1,FALSE,0.8,0,,,,,Emberizidae,,Emberiza rustica,
478,Ammodramus savannarum,,Ammodramus,2,Ammodramus savannarum,"(J. F. Gmelin, 1789)",Ammodramus,2,179333,1,FALSE,0.8,0,,,,,Emberizidae,,Ammodramus savannarum,
479,Spizella passerina,,Spizella,2,Spizella passerina,"(Bechstein, 1798)",Spizella,2,179435,1,FALSE,0.8,0,,,,,Emberizidae,,Spizella passerina,
480,Spizella pallida,,Spizella,2,Spizella pallida,"(Swainson, 1832)",Spizella,2,179439,1,FALSE,0.8,0,,,,,Emberizidae,,Spizella pallida,
481,Spizella pusilla,,Spizella,2,Spizella pusilla,"(A. Wilson, 1810)",Spizella,2,179443,1,FALSE,0.8,0,,,,,Emberizidae,,Spizella pusilla,
482,Spizella breweri,,Spizella,2,Spizella breweri,"Cassin, 1856",Spizella,2,179440,1,FALSE,0.8,0,,,,,Emberizidae,,Spizella breweri,
483,Amphispiza bilineata,,Amphispiza,2,Amphispiza bilineata,"(Cassin, 1850)",Amphispiza,2,179395,1,FALSE,0.8,0,,,,,Emberizidae,,Amphispiza bilineata,
484,Chondestes grammacus,,Chondestes,2,Chondestes grammacus,"(Say, 1822)",Chondestes,2,179371,1,FALSE,0.8,0,,,,,Emberizidae,,Chondestes grammacus,
485,Calamospiza melanocorys,,Calamospiza,2,Calamospiza melanocorys,"Stejneger, 1885",Calamospiza,2,179312,1,FALSE,0.8,0,,,,,Emberizidae,,Calamospiza melanocorys,
486,Spizelloides arborea,,Spizelloides,2,Spizelloides arborea,"(A. Wilson, 1810)",Spizelloides,2,997961,1,FALSE,0.8,0,,,,,Emberizidae,,Spizelloides arborea,
487,Passerella iliaca,,Passerella,2,Passerella iliaca,"(Merrem, 1786)",Passerella,2,179464,1,FALSE,0.8,0,,,,,Emberizidae,,Passerella iliaca,
488,Junco hyemalis,,Junco,2,Junco hyemalis,"(Linnaeus, 1758)",Junco,2,179410,1,FALSE,0.8,0,,,,,Emberizidae,,Junco hyemalis,
489,Zonotrichia leucophrys,,Zonotrichia,2,Zonotrichia leucophrys,"(J. R. Forster, 1772)",Zonotrichia,2,179455,1,FALSE,0.8,0,,,,,Emberizidae,,Zonotrichia leucophrys,
490,Zonotrichia atricapilla,,Zonotrichia,2,Zonotrichia atricapilla,"(J. F. Gmelin, 1789)",Zonotrichia,2,179461,1,FALSE,0.8,0,,,,,Emberizidae,,Zonotrichia atricapilla,
491,Zonotrichia querula,,Zonotrichia,2,Zonotrichia querula,"(Nuttall, 1840)",Zonotrichia,2,179454,1,FALSE,0.8,0,,,,,Emberizidae,,Zonotrichia querula,
492,Zonotrichia albicollis,,Zonotrichia,2,Zonotrichia albicollis,"(J. F. Gmelin, 1789)",Zonotrichia,2,179462,1,FALSE,0.8,0,,,,,Emberizidae,,Zonotrichia albicollis,
493,Artemisiospiza nevadensis,,Artemisiospiza,2,Artemisiospiza nevadensis,"(Ridgway, 1874)",Artemisiospiza,2,997723,1,FALSE,0.8,0,,,,,Emberizidae,,Artemisiospiza nevadensis,
494,Artemisiospiza belli,,Artemisiospiza,2,Artemisiospiza belli,"(Cassin, 1850)",Artemisiospiza,2,997724,1,FALSE,0.8,0,,,,,Emberizidae,,Artemisiospiza belli,
495,Pooecetes gramineus,,Pooecetes,2,Pooecetes gramineus,"(J. F. Gmelin, 1789)",Pooecetes,2,179366,1,FALSE,0.8,0,,,,,Emberizidae,,Pooecetes gramineus,
496,Ammospiza leconteii,,Ammospiza,2,Ammospiza leconteii,"(Audubon, 1844)",Ammospiza,2,179345-179348,1,FALSE,0.8,0,,Ammodramus leconteii,"(Audubon, 1844)",179345,Emberizidae,,Ammodramus leconteii,
497,Ammospiza nelsoni,,Ammospiza,2,Ammospiza leconteii,"(Audubon, 1844)",Ammospiza,2,179345-179348,1,TRUE,0.5,6,,Ammodramus leconteii,"(Audubon, 1844)",179345,Emberizidae,,Ammodramus leconteii,
498,Passerculus sandwichensis,,Passerculus,2,Passerculus sandwichensis,"(J. F. Gmelin, 1789)",Passerculus,2,179314,1,FALSE,0.8,0,,,,,Emberizidae,,Passerculus sandwichensis,
499,Centronyx bairdii,,Centronyx,2,,,,,,1,TRUE,,,,,,,,,,No matching result
500,Melospiza melodia,,Melospiza,2,Melospiza melodia,"(A. Wilson, 1810)",Melospiza,2,179492,1,FALSE,0.8,0,,,,,Emberizidae,,Melospiza melodia,
501,Melospiza lincolnii,,Melospiza,2,Melospiza lincolnii,"(Audubon, 1834)",Melospiza,2,179484,1,FALSE,0.8,0,,,,,Emberizidae,,Melospiza lincolnii,
502,Melospiza georgiana,,Melospiza,2,Melospiza georgiana,"(Latham, 1790)",Melospiza,2,179488,1,FALSE,0.8,0,,,,,Emberizidae,,Melospiza georgiana,
503,Pipilo chlorurus,,Pipilo,2,Pipilo chlorurus,"(Audubon, 1839)",Pipilo,2,179310,1,FALSE,0.8,0,,,,,Emberizidae,,Pipilo chlorurus,
504,Pipilo maculatus,,Pipilo,2,Pipilo maculatus,"Swainson, 1827",Pipilo,2,554380,1,FALSE,0.8,0,,,,,Emberizidae,,Pipilo maculatus,
505,Icteria virens,,Icteria,2,Icteria virens,"(Linnaeus, 1758)",Icteria,2,178964,1,FALSE,0.8,0,,,,,Parulidae,,Icteria virens,
506,Xanthocephalus xanthocephalus,,Xanthocephalus,2,Xanthocephalus xanthocephalus,"(Bonaparte, 1826)",Xanthocephalus,2,179043,1,FALSE,0.8,0,,,,,Icteridae,,Xanthocephalus xanthocephalus,
507,Dolichonyx oryzivorus,,Dolichonyx,2,Dolichonyx oryzivorus,"(Linnaeus, 1758)",Dolichonyx,2,179032,1,FALSE,0.8,0,,,,,Icteridae,,Dolichonyx oryzivorus,
508,Sturnella neglecta,,Sturnella,2,Sturnella neglecta,"Audubon, 1844",Sturnella,2,179039,1,FALSE,0.8,0,,,,,Icteridae,,Sturnella neglecta,
509,Icterus spurius,,Icterus,2,Icterus spurius,"(Linnaeus, 1766)",Icterus,2,179064,1,FALSE,0.8,0,,,,,Icteridae,,Icterus spurius,
510,Icterus cucullatus,,Icterus,2,Icterus cucullatus,"Swainson, 1827",Icterus,2,179070,1,FALSE,0.8,0,,,,,Icteridae,,Icterus cucullatus,
511,Icterus bullockii,,Icterus,2,Icterus bullockii,"(Swainson, 1827)",Icterus,2,554267,1,FALSE,0.8,0,,,,,Icteridae,,Icterus bullockii,
512,Icterus galbula,,Icterus,2,Icterus galbula,"(Linnaeus, 1758)",Icterus,2,179083,1,FALSE,0.8,0,,,,,Icteridae,,Icterus galbula,
513,Agelaius phoeniceus,,Agelaius,2,Agelaius phoeniceus,"(Linnaeus, 1766)",Agelaius,2,179045,1,FALSE,0.8,0,,,,,Icteridae,,Agelaius phoeniceus,
514,Molothrus ater,,Molothrus,2,Molothrus ater,"(Boddaert, 1783)",Molothrus,2,179112,1,FALSE,0.8,0,,,,,Icteridae,,Molothrus ater,
515,Euphagus carolinus,,Euphagus,2,Euphagus carolinus,"(Statius Muller, 1776)",Euphagus,2,179091,1,FALSE,0.8,0,,,,,Icteridae,,Euphagus carolinus,
516,Euphagus cyanocephalus,,Euphagus,2,Euphagus cyanocephalus,"(Wagler, 1829)",Euphagus,2,179094,1,FALSE,0.8,0,,,,,Icteridae,,Euphagus cyanocephalus,
517,Quiscalus quiscula,,Quiscalus,2,Quiscalus quiscula,"(Linnaeus, 1758)",Quiscalus,2,179104,1,FALSE,0.8,0,,,,,Icteridae,,Quiscalus quiscula,
518,Quiscalus mexicanus,,Quiscalus,2,Quiscalus mexicanus,"(Gmelin, 1788)",Quiscalus,2,179109,1,FALSE,0.8,0,,,,,Icteridae,,Quiscalus mexicanus,
519,Seiurus aurocapilla,,Seiurus,2,Seiurus aurocapilla,"(Linnaeus, 1766)",Seiurus,2,726205,1,FALSE,0.8,0,,,,,Parulidae,,Seiurus aurocapilla,
520,Parkesia noveboracensis,,Parkesia,2,Parkesia noveboracensis,"(J. F. Gmelin, 1789)",Parkesia,2,950010,1,FALSE,0.8,0,,,,,Parulidae,,Parkesia noveboracensis,
521,Vermivora chrysoptera,,Vermivora,2,Vermivora chrysoptera,"(Linnaeus, 1766)",Vermivora,2,178852,1,FALSE,0.8,0,,,,,Parulidae,,Vermivora chrysoptera,
522,Vermivora cyanoptera,,Vermivora,2,Vermivora cyanoptera,"Olson &amp; Reveal, 2009",Vermivora,2,950011,1,FALSE,0.8,0,,,,,Parulidae,,Vermivora cyanoptera,
523,Mniotilta varia,,Mniotilta,2,Mniotilta varia,"(Linnaeus, 1766)",Mniotilta,2,178844,1,FALSE,0.8,0,,,,,Parulidae,,Mniotilta varia,
524,Protonotaria citrea,,Protonotaria,2,Protonotaria citrea,"(Boddaert, 1783)",Protonotaria,2,178846,1,FALSE,0.8,0,,,,,Parulidae,,Protonotaria citrea,
525,Leiothlypis peregrina,,Leiothlypis,2,Leiothlypis peregrina,"(A. Wilson, 1811)",Leiothlypis,2,950014,1,FALSE,0.8,0,,,,,Parulidae,,Leiothlypis peregrina,
526,Leiothlypis celata,,Leiothlypis,2,Leiothlypis celata,"(Say, 1822)",Leiothlypis,2,950015,1,FALSE,0.8,0,,,,,Parulidae,,Leiothlypis celata,
527,Leiothlypis luciae,,Leiothlypis,2,Leiothlypis luciae,"(J. G. Cooper, 1861)",Leiothlypis,2,950017,1,FALSE,0.8,0,,,,,Parulidae,,Leiothlypis luciae,
528,Leiothlypis ruficapilla,,Leiothlypis,2,Leiothlypis ruficapilla,"(A. Wilson, 1811)",Leiothlypis,2,950018,1,FALSE,0.8,0,,,,,Parulidae,,Leiothlypis ruficapilla,
529,Oporornis agilis,,Oporornis,2,Oporornis agilis,"(A. Wilson, 1812)",Oporornis,2,178938,1,FALSE,0.8,0,,,,,Parulidae,,Oporornis agilis,
530,Geothlypis tolmiei,,Geothlypis,2,Geothlypis tolmiei,"(J. K. Townsend, 1839)",Geothlypis,2,950023,1,FALSE,0.8,0,,,,,Parulidae,,Geothlypis tolmiei,
531,Geothlypis philadelphia,,Geothlypis,2,Geothlypis philadelphia,"(A. Wilson, 1810)",Geothlypis,2,950024,1,FALSE,0.8,0,,,,,Parulidae,,Geothlypis philadelphia,
532,Geothlypis formosa,,Geothlypis,2,Geothlypis formosa,"(A. Wilson, 1811)",Geothlypis,2,950025,1,FALSE,0.8,0,,,,,Parulidae,,Geothlypis formosa,
533,Geothlypis trichas,,Geothlypis,2,Geothlypis trichas,"(Linnaeus, 1766)",Geothlypis,2,178944,1,FALSE,0.8,0,,,,,Parulidae,,Geothlypis trichas,
534,Setophaga citrina,,Setophaga,2,Setophaga citrina,"(Boddaert, 1783)",Setophaga,2,950029,1,FALSE,0.8,0,,,,,Parulidae,,Setophaga citrina,
535,Setophaga ruticilla,,Setophaga,2,Setophaga ruticilla,"(Linnaeus, 1758)",Setophaga,2,178979,1,FALSE,0.8,0,,,,,Parulidae,,Setophaga ruticilla,
536,Setophaga tigrina,,Setophaga,2,Setophaga tigrina,"(J. F. Gmelin, 1789)",Setophaga,2,950031,1,FALSE,0.8,0,,,,,Parulidae,,Setophaga tigrina,
537,Setophaga americana,,Setophaga,2,Setophaga americana,"(Linnaeus, 1758)",Setophaga,2,950033,1,FALSE,0.8,0,,,,,Parulidae,,Setophaga americana,
538,Setophaga magnolia,,Setophaga,2,Setophaga magnolia,"(A. Wilson, 1811)",Setophaga,2,950035,1,FALSE,0.8,0,,,,,Parulidae,,Setophaga magnolia,
539,Setophaga castanea,,Setophaga,2,Setophaga castanea,"(A. Wilson, 1810)",Setophaga,2,950036,1,FALSE,0.8,0,,,,,Parulidae,,Setophaga castanea,
540,Setophaga fusca,,Setophaga,2,Setophaga fusca,"(Statius Müller, 1776)",Setophaga,2,950037,1,FALSE,0.8,0,,,,,Parulidae,,Setophaga fusca,
541,Setophaga petechia,,Setophaga,2,Setophaga petechia,"(Linnaeus, 1766)",Setophaga,2,950039,1,FALSE,0.8,0,,,,,Parulidae,,Setophaga petechia,
542,Setophaga pensylvanica,,Setophaga,2,Setophaga pensylvanica,"(Linnaeus, 1766)",Setophaga,2,950040,1,FALSE,0.8,0,,,,,Parulidae,,Setophaga pensylvanica,
543,Setophaga striata,,Setophaga,2,Setophaga striata,"(J. R. Forster, 1772)",Setophaga,2,950041,1,FALSE,0.8,0,,,,,Parulidae,,Setophaga striata,
544,Setophaga caerulescens,,Setophaga,2,Setophaga caerulescens,"(J. F. Gmelin, 1789)",Setophaga,2,950042,1,FALSE,0.8,0,,,,,Parulidae,,Setophaga caerulescens,
545,Setophaga palmarum,,Setophaga,2,Setophaga palmarum,"(J. F. Gmelin, 1789)",Setophaga,2,950043,1,FALSE,0.8,0,,,,,Parulidae,,Setophaga palmarum,
546,Setophaga pinus,,Setophaga,2,Setophaga pinus,"(Linnaeus, 1766)",Setophaga,2,950045,1,FALSE,0.8,0,,,,,Parulidae,,Setophaga pinus,
547,Setophaga coronata,,Setophaga,2,Setophaga coronata,"(Linnaeus, 1766)",Setophaga,2,950046,1,FALSE,0.8,0,,,,,Parulidae,,Setophaga coronata,
548,Setophaga dominica,,Setophaga,2,Setophaga dominica,"(Linnaeus, 1766)",Setophaga,2,950049,1,FALSE,0.8,0,,,,,Parulidae,,Setophaga dominica,
549,Setophaga discolor,,Setophaga,2,Setophaga discolor,"(Vieillot, 1809)",Setophaga,2,950052,1,FALSE,0.8,0,,,,,Parulidae,,Setophaga discolor,
550,Setophaga nigrescens,,Setophaga,2,Setophaga nigrescens,"(J. K. Townsend, 1837)",Setophaga,2,950057,1,FALSE,0.8,0,,,,,Parulidae,,Setophaga nigrescens,
551,Setophaga townsendi,,Setophaga,2,Setophaga townsendi,"(J. K. Townsend, 1837)",Setophaga,2,950058,1,FALSE,0.8,0,,,,,Parulidae,,Setophaga townsendi,
552,Setophaga occidentalis,,Setophaga,2,Setophaga occidentalis,"(J. K. Townsend, 1837)",Setophaga,2,950059,1,FALSE,0.8,0,,,,,Parulidae,,Setophaga occidentalis,
553,Setophaga virens,,Setophaga,2,Setophaga virens,"(J. F. Gmelin, 1789)",Setophaga,2,950061,1,FALSE,0.8,0,,,,,Parulidae,,Setophaga virens,
554,Cardellina canadensis,,Cardellina,2,Cardellina canadensis,"(Linnaeus, 1766)",Cardellina,2,950079,1,FALSE,0.8,0,,,,,Parulidae,,Cardellina canadensis,
555,Cardellina pusilla,,Cardellina,2,Cardellina pusilla,"(A. Wilson, 1811)",Cardellina,2,950080,1,FALSE,0.8,0,,,,,Parulidae,,Cardellina pusilla,
556,Myioborus pictus,,Myioborus,2,Myioborus pictus,"(Swainson, 1829)",Myioborus,2,178986,1,FALSE,0.8,0,,,,,Parulidae,,Myioborus pictus,
557,Piranga rubra,,Piranga,2,Piranga rubra,"(Linnaeus, 1758)",Piranga,2,179888,1,FALSE,0.8,0,,,,,Cardinalidae,,Piranga rubra,
558,Piranga olivacea,,Piranga,2,Piranga olivacea,"(J. F. Gmelin, 1789)",Piranga,2,179883,1,FALSE,0.8,0,,,,,Cardinalidae,,Piranga olivacea,
559,Piranga ludoviciana,,Piranga,2,Piranga ludoviciana,"(A. Wilson, 1811)",Piranga,2,179882,1,FALSE,0.8,0,,,,,Cardinalidae,,Piranga ludoviciana,
560,Cardinalis cardinalis,,Cardinalis,2,Cardinalis cardinalis,"(Linnaeus, 1758)",Cardinalis,2,179124,1,FALSE,0.8,0,,,,,Cardinalidae,,Cardinalis cardinalis,
561,Pheucticus ludovicianus,,Pheucticus,2,Pheucticus ludovicianus,"(Linnaeus, 1766)",Pheucticus,2,179139,1,FALSE,0.8,0,,,,,Cardinalidae,,Pheucticus ludovicianus,
562,Pheucticus melanocephalus,,Pheucticus,2,Pheucticus melanocephalus,"(Swainson, 1827)",Pheucticus,2,179140,1,FALSE,0.8,0,,,,,Cardinalidae,,Pheucticus melanocephalus,
563,Passerina caerulea,,Passerina,2,Passerina caerulea,"(Linnaeus, 1758)",Passerina,2,726198,1,FALSE,0.8,0,,,,,Cardinalidae,,Passerina caerulea,
564,Passerina amoena,,Passerina,2,Passerina amoena,"(Say, 1822)",Passerina,2,179151,1,FALSE,0.8,0,,,,,Cardinalidae,,Passerina amoena,
565,Passerina cyanea,,Passerina,2,Passerina cyanea,"(Linnaeus, 1766)",Passerina,2,179150,1,FALSE,0.8,0,,,,,Cardinalidae,,Passerina cyanea,
566,Passerina ciris,,Passerina,2,Passerina ciris,"(Linnaeus, 1758)",Passerina,2,179156,1,FALSE,0.8,0,,,,,Cardinalidae,,Passerina ciris,
567,Spiza americana,,Spiza,2,Spiza americana,"(J. F. Gmelin, 1789)",Spiza,2,179165,1,FALSE,0.8,0,,,,,Cardinalidae,,Spiza americana,
